Event,ID,Stream,Time,Pclass
500, 1, 10,7.61886e-09,2
500, 1, 9,7.75613e-09,2
500, 1, 9,7.75737e-09,2
500, 1, 8,7.89784e-09,2
500, 1, 8,7.8991e-09,2
500, 1, 7,7.99326e-09,2
500, 1, 7,7.9949e-09,2
500, 1, 6,8.10474e-09,2
500, 1, 6,8.1057e-09,2
500, 1, 5,8.20362e-09,2
500, 1, 5,8.20536e-09,2
500, 1, 4,8.26073e-09,2
500, 1, 3,8.2843e-09,2
500, 1, 2,8.31119e-09,2
500, 1, 1,8.33599e-09,2
501, 1, 1,3.6788e-08,3
501, 1, 2,3.68127e-08,3
501, 1, 3,3.68412e-08,3
501, 1, 4,3.68702e-08,3
501, 1, 5,3.69359e-08,3
501, 1, 5,3.69375e-08,3
501, 1, 6,3.70299e-08,3
501, 1, 6,3.70308e-08,3
501, 1, 7,3.71358e-08,3
501, 1, 7,3.71367e-08,3
501, 1, 8,3.72572e-08,3
501, 1, 8,3.72584e-08,3
501, 1, 9,3.73789e-08,3
501, 1, 9,3.73799e-08,3
501, 1, 10,3.75113e-08,3
501, 1, 10,3.75123e-08,3
502, 1, 10,5.72509e-08,0
502, 1, 9,5.78303e-08,0
502, 1, 9,5.78349e-08,0
502, 1, 8,5.82336e-08,0
502, 1, 8,5.82377e-08,0
502, 1, 7,5.86671e-08,0
502, 1, 7,5.86711e-08,0
502, 1, 6,5.90106e-08,0
502, 1, 5,5.92302e-08,0
502, 1, 4,5.94254e-08,0
502, 1, 3,5.95249e-08,0
502, 1, 2,5.96038e-08,0
502, 1, 1,5.96672e-08,0
503, 1, 10,9.28379e-08,4
503, 1, 10,9.28383e-08,4
503, 1, 9,9.28851e-08,4
503, 1, 8,9.29134e-08,4
503, 1, 7,9.29512e-08,4
503, 1, 7,9.29514e-08,4
503, 1, 6,9.29858e-08,4
503, 1, 6,9.29859e-08,4
503, 1, 5,9.30147e-08,4
503, 1, 5,9.30151e-08,4
503, 1, 4,9.30301e-08,4
503, 1, 3,9.30387e-08,4
503, 1, 2,9.3048e-08,4
503, 1, 1,9.30524e-08,4
505, 1, 1,1.31393e-07,1
505, 1, 2,1.31448e-07,1
505, 1, 2,1.31456e-07,1
505, 1, 3,1.31544e-07,1
505, 1, 5,1.31829e-07,1
505, 1, 6,1.32031e-07,1
505, 1, 6,1.32035e-07,1
505, 1, 7,1.32362e-07,1
505, 1, 8,1.32724e-07,1
505, 1, 9,1.33125e-07,1
505, 1, 9,1.33129e-07,1
507, 1, 10,1.77936e-07,2
507, 1, 10,1.77937e-07,2
507, 1, 9,1.7809e-07,2
507, 1, 9,1.78091e-07,2
507, 1, 8,1.7821e-07,2
507, 1, 8,1.78211e-07,2
507, 1, 7,1.78305e-07,2
507, 1, 7,1.78306e-07,2
507, 1, 6,1.78408e-07,2
507, 1, 6,1.7841e-07,2
507, 1, 6,1.78424e-07,2
507, 1, 6,1.78426e-07,2
507, 1, 5,1.78514e-07,2
507, 1, 4,1.7857e-07,2
507, 1, 3,1.78593e-07,2
507, 1, 2,1.78626e-07,2
507, 1, 1,1.78647e-07,2
509, 1, 1,2.35588e-07,1
509, 1, 2,2.35637e-07,1
509, 1, 3,2.35732e-07,1
509, 1, 4,2.35818e-07,1
509, 1, 5,2.35956e-07,1
509, 1, 5,2.35962e-07,1
509, 1, 6,2.36239e-07,1
509, 1, 6,2.36243e-07,1
509, 1, 6,2.36292e-07,1
509, 1, 7,2.36551e-07,1
509, 1, 7,2.36562e-07,1
509, 1, 7,2.36598e-07,1
509, 1, 7,2.36601e-07,1
509, 1, 8,2.36911e-07,1
509, 1, 8,2.36916e-07,1
509, 1, 8,2.36982e-07,1
509, 1, 8,2.36986e-07,1
509, 1, 9,2.37379e-07,1
509, 1, 9,2.37383e-07,1
509, 1, 10,2.37876e-07,1
509, 1, 10,2.3788e-07,1
510, 1, 10,2.62557e-07,2
510, 1, 10,2.62558e-07,2
510, 1, 9,2.62712e-07,2
510, 1, 9,2.62713e-07,2
510, 1, 8,2.62831e-07,2
510, 1, 8,2.62832e-07,2
510, 1, 7,2.6293e-07,2
510, 1, 7,2.62931e-07,2
510, 1, 6,2.63033e-07,2
510, 1, 6,2.63034e-07,2
510, 1, 5,2.63137e-07,2
510, 1, 5,2.63139e-07,2
510, 1, 4,2.63193e-07,2
510, 1, 3,2.63217e-07,2
510, 1, 2,2.63245e-07,2
510, 1, 1,2.63267e-07,2
512, 1, 10,3.00334e-07,1
512, 1, 10,3.00339e-07,1
512, 1, 1,3.20474e-07,1
512, 1, 2,3.20529e-07,1
512, 1, 3,3.20607e-07,1
512, 1, 4,3.207e-07,1
512, 1, 5,3.20835e-07,1
512, 1, 5,3.20839e-07,1
512, 1, 6,3.21098e-07,1
512, 1, 6,3.21101e-07,1
512, 1, 7,3.2142e-07,1
512, 1, 7,3.21423e-07,1
512, 1, 8,3.21804e-07,1
512, 1, 8,3.21808e-07,1
512, 1, 9,3.22278e-07,1
512, 1, 9,3.22282e-07,1
512, 1, 10,3.22828e-07,1
512, 1, 10,3.22833e-07,1
513, 1, 1,3.46456e-07,5
513, 1, 2,3.46462e-07,5
513, 1, 2,3.46464e-07,5
513, 1, 3,3.46472e-07,5
513, 1, 5,3.46502e-07,5
513, 1, 5,3.46502e-07,5
513, 1, 6,3.46523e-07,5
513, 1, 7,3.46554e-07,5
513, 1, 7,3.46554e-07,5
513, 1, 7,3.46559e-07,5
513, 1, 7,3.46559e-07,5
513, 1, 8,3.46596e-07,5
513, 1, 9,3.46624e-07,5
513, 1, 9,3.46625e-07,5
513, 1, 10,3.46676e-07,5
513, 1, 10,3.46677e-07,5
518, 1, 10,4.63742e-07,2
518, 1, 10,4.63743e-07,2
518, 1, 9,4.63872e-07,2
518, 1, 9,4.63874e-07,2
518, 1, 8,4.63988e-07,2
518, 1, 8,4.63989e-07,2
518, 1, 7,4.64103e-07,2
518, 1, 7,4.64103e-07,2
518, 1, 6,4.64225e-07,2
518, 1, 6,4.64226e-07,2
518, 1, 5,4.64297e-07,2
518, 1, 4,4.6436e-07,2
518, 1, 3,4.64392e-07,2
518, 1, 2,4.64421e-07,2
518, 1, 1,4.64438e-07,2
519, 1, 9,4.8183e-07,2
519, 1, 8,4.81945e-07,2
519, 1, 7,4.82043e-07,2
519, 1, 6,4.82163e-07,2
519, 1, 5,4.8223e-07,2
519, 1, 5,4.82232e-07,2
519, 1, 4,4.82293e-07,2
519, 1, 3,4.82327e-07,2
519, 1, 2,4.82357e-07,2
519, 1, 1,4.82377e-07,2
520, 1, 1,5.16291e-07,5
520, 1, 2,5.16298e-07,5
520, 1, 3,5.16306e-07,5
520, 1, 4,5.16315e-07,5
520, 1, 5,5.1633e-07,5
520, 1, 5,5.1633e-07,5
520, 1, 5,5.16335e-07,5
520, 1, 5,5.16335e-07,5
520, 1, 6,5.16356e-07,5
520, 1, 7,5.16386e-07,5
520, 1, 7,5.16387e-07,5
520, 1, 8,5.1642e-07,5
520, 1, 8,5.1642e-07,5
520, 1, 9,5.16456e-07,5
520, 1, 9,5.16456e-07,5
520, 1, 10,5.16501e-07,5
520, 1, 10,5.16502e-07,5
525, 1, 8,6.25142e-07,1
525, 1, 8,6.25147e-07,1
525, 1, 9,6.2553e-07,1
525, 1, 9,6.25534e-07,1
525, 1, 1,6.46219e-07,1
525, 1, 2,6.46287e-07,1
525, 1, 3,6.46378e-07,1
525, 1, 4,6.46452e-07,1
525, 1, 5,6.46646e-07,1
525, 1, 6,6.46929e-07,1
525, 1, 7,6.47192e-07,1
525, 1, 7,6.47195e-07,1
525, 1, 8,6.47636e-07,1
525, 1, 8,6.47641e-07,1
525, 1, 9,6.48023e-07,1
525, 1, 9,6.48028e-07,1
527, 1, 10,6.82345e-07,0
527, 1, 10,6.8235e-07,0
527, 1, 9,6.82921e-07,0
527, 1, 9,6.82926e-07,0
527, 1, 8,6.8331e-07,0
527, 1, 8,6.83314e-07,0
527, 1, 7,6.83747e-07,0
527, 1, 6,6.84082e-07,0
527, 1, 6,6.84085e-07,0
527, 1, 5,6.84284e-07,0
527, 1, 5,6.8429e-07,0
527, 1, 4,6.84489e-07,0
527, 1, 3,6.84586e-07,0
527, 1, 1,6.84723e-07,0
528, 1, 1,7.12266e-07,1
528, 1, 2,7.12325e-07,1
528, 1, 3,7.1242e-07,1
528, 1, 4,7.12504e-07,1
528, 1, 5,7.12647e-07,1
528, 1, 5,7.12653e-07,1
528, 1, 6,7.12935e-07,1
528, 1, 6,7.12985e-07,1
528, 1, 6,7.12987e-07,1
528, 1, 7,7.13295e-07,1
528, 1, 7,7.13298e-07,1
528, 1, 8,7.13618e-07,1
528, 1, 8,7.13622e-07,1
534, 1, 2,8.50198e-07,1
534, 1, 4,8.50361e-07,1
534, 1, 5,8.50527e-07,1
534, 1, 5,8.50532e-07,1
534, 1, 6,8.50791e-07,1
534, 1, 6,8.50795e-07,1
534, 1, 6,8.50844e-07,1
534, 1, 7,8.51121e-07,1
534, 1, 7,8.51124e-07,1
534, 1, 8,8.51475e-07,1
534, 1, 8,8.51479e-07,1
534, 1, 9,8.51945e-07,1
534, 1, 9,8.5195e-07,1
534, 1, 10,8.52433e-07,1
534, 1, 10,8.52438e-07,1
534, 1, 10,8.52519e-07,1
534, 1, 10,8.52523e-07,1
534, 1, 2,8.72691e-07,1
534, 1, 4,8.72855e-07,1
534, 1, 5,8.73021e-07,1
534, 1, 5,8.73026e-07,1
534, 1, 6,8.73285e-07,1
534, 1, 6,8.73289e-07,1
534, 1, 6,8.73338e-07,1
534, 1, 7,8.73615e-07,1
534, 1, 7,8.73618e-07,1
534, 1, 8,8.73969e-07,1
534, 1, 8,8.73973e-07,1
534, 1, 9,8.74439e-07,1
534, 1, 9,8.74444e-07,1
534, 1, 10,8.74927e-07,1
534, 1, 10,8.74932e-07,1
535, 1, 1,8.8834e-07,5
535, 1, 3,8.88355e-07,5
535, 1, 4,8.88363e-07,5
535, 1, 5,8.88378e-07,5
535, 1, 5,8.88378e-07,5
535, 1, 5,8.88378e-07,5
535, 1, 5,8.88379e-07,5
535, 1, 6,8.88408e-07,5
535, 1, 6,8.88409e-07,5
535, 1, 7,8.88435e-07,5
535, 1, 7,8.88436e-07,5
535, 1, 7,8.8844e-07,5
535, 1, 7,8.88441e-07,5
535, 1, 7,8.88441e-07,5
535, 1, 8,8.88469e-07,5
535, 1, 10,8.8855e-07,5
535, 1, 10,8.88551e-07,5
536, 1, 4,9.00001e-07,5
536, 1, 5,9.00017e-07,5
536, 1, 5,9.00017e-07,5
536, 1, 5,9.00022e-07,5
536, 1, 5,9.00022e-07,5
536, 1, 5,9.00026e-07,5
536, 1, 6,9.00043e-07,5
536, 1, 6,9.00043e-07,5
536, 1, 7,9.00074e-07,5
536, 1, 7,9.00075e-07,5
536, 1, 8,9.00115e-07,5
536, 1, 8,9.00116e-07,5
536, 1, 9,9.00145e-07,5
536, 1, 10,9.00197e-07,5
536, 1, 2,9.22477e-07,5
536, 1, 3,9.22486e-07,5
536, 1, 4,9.22495e-07,5
536, 1, 5,9.22511e-07,5
536, 1, 5,9.22511e-07,5
536, 1, 5,9.22516e-07,5
536, 1, 5,9.22516e-07,5
536, 1, 5,9.2252e-07,5
536, 1, 6,9.22537e-07,5
536, 1, 6,9.22537e-07,5
536, 1, 7,9.22568e-07,5
536, 1, 7,9.22569e-07,5
536, 1, 8,9.22609e-07,5
536, 1, 8,9.2261e-07,5
536, 1, 9,9.22639e-07,5
536, 1, 10,9.22691e-07,5
540, 1, 10,1.01593e-06,2
540, 1, 10,1.01593e-06,2
540, 1, 9,1.01606e-06,2
540, 1, 8,1.0162e-06,2
540, 1, 8,1.0162e-06,2
540, 1, 7,1.01632e-06,2
540, 1, 6,1.01641e-06,2
540, 1, 6,1.01642e-06,2
540, 1, 6,1.01642e-06,2
540, 1, 5,1.01649e-06,2
540, 1, 4,1.01656e-06,2
540, 1, 3,1.01659e-06,2
540, 1, 2,1.01662e-06,2
540, 1, 1,1.01664e-06,2
545, 1, 8,1.12566e-06,0
545, 1, 8,1.12567e-06,0
545, 1, 7,1.12603e-06,0
545, 1, 7,1.12604e-06,0
545, 1, 6,1.12633e-06,0
545, 1, 6,1.12633e-06,0
545, 1, 5,1.12659e-06,0
545, 1, 4,1.12681e-06,0
545, 1, 3,1.12689e-06,0
545, 1, 2,1.12697e-06,0
545, 1, 1,1.12704e-06,0
545, 1, 10,1.14708e-06,0
545, 1, 10,1.14708e-06,0
545, 1, 8,1.14816e-06,0
545, 1, 8,1.14816e-06,0
545, 1, 7,1.14853e-06,0
545, 1, 7,1.14853e-06,0
545, 1, 6,1.14882e-06,0
545, 1, 6,1.14883e-06,0
545, 1, 5,1.14908e-06,0
545, 1, 4,1.1493e-06,0
545, 1, 3,1.14938e-06,0
545, 1, 2,1.14947e-06,0
545, 1, 1,1.14954e-06,0
551, 1, 10,2.78084e-08,4
551, 1, 10,2.78089e-08,4
551, 1, 10,2.7815e-08,4
551, 1, 10,2.78152e-08,4
551, 1, 9,2.78605e-08,4
551, 1, 9,2.78609e-08,4
551, 1, 8,2.78893e-08,4
551, 1, 8,2.78898e-08,4
551, 1, 7,2.79252e-08,4
551, 1, 7,2.79253e-08,4
551, 1, 6,2.79569e-08,4
551, 1, 6,2.79571e-08,4
551, 1, 5,2.7988e-08,4
551, 1, 5,2.7988e-08,4
551, 1, 5,2.79909e-08,4
551, 1, 5,2.7991e-08,4
551, 1, 4,2.80039e-08,4
551, 1, 1,2.80286e-08,4
552, 1, 10,5.34512e-08,4
552, 1, 9,5.34903e-08,4
552, 1, 9,5.34905e-08,4
552, 1, 8,5.35252e-08,4
552, 1, 8,5.35255e-08,4
552, 1, 7,5.35654e-08,4
552, 1, 7,5.35659e-08,4
552, 1, 6,5.35959e-08,4
552, 1, 5,5.36216e-08,4
552, 1, 5,5.36218e-08,4
552, 1, 4,5.36398e-08,4
552, 1, 3,5.36466e-08,4
552, 1, 2,5.36573e-08,4
552, 1, 1,5.36627e-08,4
553, 1, 1,8.91524e-08,3
553, 1, 2,8.91727e-08,3
553, 1, 3,8.92024e-08,3
553, 1, 4,8.92353e-08,3
553, 1, 5,8.93038e-08,3
553, 1, 6,8.93769e-08,3
553, 1, 6,8.93775e-08,3
553, 1, 7,8.95015e-08,3
553, 1, 7,8.95028e-08,3
553, 1, 8,8.96074e-08,3
553, 1, 8,8.96088e-08,3
553, 1, 9,8.9752e-08,3
553, 1, 9,8.97532e-08,3
554, 1, 1,1.14003e-07,1
554, 1, 2,1.14064e-07,1
554, 1, 4,1.14247e-07,1
554, 1, 5,1.14438e-07,1
554, 1, 5,1.14443e-07,1
554, 1, 6,1.14663e-07,1
554, 1, 6,1.14666e-07,1
554, 1, 6,1.14676e-07,1
554, 1, 6,1.14679e-07,1
554, 1, 6,1.14715e-07,1
554, 1, 6,1.14718e-07,1
554, 1, 6,1.14727e-07,1
554, 1, 6,1.1473e-07,1
554, 1, 7,1.14999e-07,1
554, 1, 7,1.15003e-07,1
554, 1, 8,1.1536e-07,1
554, 1, 8,1.15364e-07,1
554, 1, 9,1.15762e-07,1
554, 1, 9,1.15766e-07,1
554, 1, 10,1.16407e-07,1
554, 1, 10,1.16412e-07,1
557, 1, 1,1.8799e-07,1
557, 1, 2,1.88051e-07,1
557, 1, 3,1.88143e-07,1
557, 1, 4,1.88218e-07,1
557, 1, 5,1.8838e-07,1
557, 1, 5,1.88386e-07,1
557, 1, 6,1.88697e-07,1
557, 1, 6,1.88701e-07,1
557, 1, 7,1.8897e-07,1
557, 1, 7,1.88973e-07,1
557, 1, 8,1.89333e-07,1
557, 1, 9,1.89801e-07,1
557, 1, 9,1.89806e-07,1
557, 1, 10,1.90275e-07,1
557, 1, 10,1.9028e-07,1
559, 1, 10,2.36019e-07,2
559, 1, 10,2.36021e-07,2
559, 1, 9,2.36197e-07,2
559, 1, 9,2.36199e-07,2
559, 1, 8,2.36295e-07,2
559, 1, 8,2.36296e-07,2
559, 1, 7,2.36431e-07,2
559, 1, 7,2.36432e-07,2
559, 1, 6,2.3652e-07,2
559, 1, 6,2.36522e-07,2
559, 1, 5,2.36616e-07,2
559, 1, 5,2.36617e-07,2
559, 1, 4,2.36685e-07,2
559, 1, 3,2.36715e-07,2
559, 1, 2,2.3674e-07,2
561, 1, 1,2.87001e-07,3
561, 1, 2,2.87021e-07,3
561, 1, 3,2.87047e-07,3
561, 1, 4,2.87077e-07,3
561, 1, 5,2.8714e-07,3
561, 1, 5,2.87142e-07,3
561, 1, 6,2.87207e-07,3
561, 1, 6,2.87209e-07,3
561, 1, 7,2.87314e-07,3
561, 1, 7,2.87314e-07,3
561, 1, 8,2.87425e-07,3
561, 1, 8,2.87426e-07,3
561, 1, 10,2.87724e-07,3
562, 1, 10,3.07349e-07,2
562, 1, 10,3.0735e-07,2
562, 1, 9,3.07524e-07,2
562, 1, 9,3.07525e-07,2
562, 1, 8,3.07623e-07,2
562, 1, 8,3.07624e-07,2
562, 1, 7,3.07767e-07,2
562, 1, 7,3.07768e-07,2
562, 1, 6,3.07851e-07,2
562, 1, 6,3.07853e-07,2
562, 1, 5,3.07958e-07,2
562, 1, 5,3.07961e-07,2
562, 1, 5,3.07965e-07,2
562, 1, 5,3.07967e-07,2
562, 1, 4,3.08017e-07,2
562, 1, 3,3.08044e-07,2
562, 1, 2,3.08075e-07,2
562, 1, 1,3.08102e-07,2
563, 1, 1,3.39932e-07,1
563, 1, 2,3.39991e-07,1
563, 1, 3,3.40085e-07,1
563, 1, 4,3.40165e-07,1
563, 1, 5,3.40325e-07,1
563, 1, 5,3.4033e-07,1
563, 1, 6,3.40583e-07,1
563, 1, 7,3.40905e-07,1
563, 1, 8,3.41281e-07,1
563, 1, 8,3.41285e-07,1
563, 1, 9,3.41671e-07,1
563, 1, 9,3.41676e-07,1
563, 1, 9,3.41746e-07,1
563, 1, 9,3.4175e-07,1
563, 1, 10,3.42224e-07,1
563, 1, 10,3.42229e-07,1
563, 1, 10,3.42315e-07,1
564, 1, 10,3.52482e-07,2
564, 1, 10,3.52483e-07,2
564, 1, 9,3.52615e-07,2
564, 1, 9,3.52616e-07,2
564, 1, 8,3.5273e-07,2
564, 1, 8,3.52731e-07,2
564, 1, 7,3.52853e-07,2
564, 1, 7,3.52854e-07,2
564, 1, 6,3.52957e-07,2
564, 1, 6,3.52958e-07,2
564, 1, 5,3.53054e-07,2
564, 1, 4,3.53106e-07,2
564, 1, 3,3.53139e-07,2
564, 1, 2,3.53168e-07,2
564, 1, 1,3.53184e-07,2
564, 1, 10,3.74976e-07,2
564, 1, 10,3.74977e-07,2
566, 1, 10,4.06068e-07,0
566, 1, 10,4.06073e-07,0
566, 1, 10,4.06074e-07,0
566, 1, 9,4.0671e-07,0
566, 1, 9,4.06715e-07,0
566, 1, 8,4.07122e-07,0
566, 1, 8,4.07126e-07,0
566, 1, 7,4.07488e-07,0
566, 1, 7,4.07491e-07,0
566, 1, 7,4.07504e-07,0
566, 1, 7,4.07507e-07,0
566, 1, 6,4.07766e-07,0
566, 1, 6,4.07816e-07,0
566, 1, 6,4.07819e-07,0
566, 1, 5,4.08087e-07,0
566, 1, 5,4.08092e-07,0
566, 1, 4,4.08241e-07,0
566, 1, 2,4.08418e-07,0
566, 1, 1,4.08483e-07,0
567, 1, 1,4.36311e-07,1
567, 1, 2,4.36382e-07,1
567, 1, 3,4.36464e-07,1
567, 1, 4,4.36551e-07,1
567, 1, 5,4.36753e-07,1
567, 1, 5,4.36759e-07,1
567, 1, 6,4.37032e-07,1
567, 1, 6,4.37036e-07,1
567, 1, 7,4.37318e-07,1
567, 1, 7,4.37322e-07,1
567, 1, 8,4.37676e-07,1
567, 1, 8,4.37681e-07,1
567, 1, 9,4.38167e-07,1
567, 1, 9,4.38169e-07,1
567, 1, 10,4.38649e-07,1
568, 1, 10,4.69868e-07,0
568, 1, 9,4.70444e-07,0
568, 1, 9,4.70448e-07,0
568, 1, 8,4.7093e-07,0
568, 1, 8,4.70934e-07,0
568, 1, 7,4.71304e-07,0
568, 1, 7,4.71307e-07,0
568, 1, 6,4.71629e-07,0
568, 1, 6,4.71633e-07,0
568, 1, 5,4.71853e-07,0
568, 1, 5,4.71859e-07,0
568, 1, 4,4.72067e-07,0
568, 1, 3,4.72152e-07,0
568, 1, 2,4.72249e-07,0
568, 1, 1,4.7231e-07,0
570, 1, 1,5.01467e-07,1
570, 1, 3,5.0163e-07,1
570, 1, 4,5.01709e-07,1
570, 1, 5,5.01905e-07,1
570, 1, 5,5.01911e-07,1
570, 1, 6,5.02128e-07,1
570, 1, 6,5.02132e-07,1
570, 1, 8,5.02896e-07,1
570, 1, 8,5.029e-07,1
570, 1, 9,5.03297e-07,1
570, 1, 9,5.03301e-07,1
570, 1, 10,5.03854e-07,1
570, 1, 10,5.03859e-07,1
570, 1, 1,5.23961e-07,1
570, 1, 3,5.24124e-07,1
570, 1, 4,5.24203e-07,1
570, 1, 5,5.24399e-07,1
570, 1, 5,5.24405e-07,1
570, 1, 6,5.24622e-07,1
570, 1, 6,5.24626e-07,1
571, 1, 10,5.44188e-07,4
571, 1, 10,5.44188e-07,4
571, 1, 9,5.44232e-07,4
571, 1, 9,5.44233e-07,4
571, 1, 8,5.44274e-07,4
571, 1, 8,5.44275e-07,4
571, 1, 7,5.44304e-07,4
571, 1, 6,5.44341e-07,4
571, 1, 6,5.44342e-07,4
571, 1, 5,5.44363e-07,4
571, 1, 5,5.44364e-07,4
571, 1, 4,5.44383e-07,4
571, 1, 3,5.4439e-07,4
571, 1, 2,5.44398e-07,4
571, 1, 1,5.44404e-07,4
572, 1, 10,5.66584e-07,2
572, 1, 10,5.66586e-07,2
572, 1, 9,5.66715e-07,2
572, 1, 9,5.66716e-07,2
572, 1, 8,5.66839e-07,2
572, 1, 8,5.66841e-07,2
572, 1, 7,5.66963e-07,2
572, 1, 7,5.66965e-07,2
572, 1, 6,5.67064e-07,2
572, 1, 6,5.67065e-07,2
572, 1, 5,5.6716e-07,2
572, 1, 5,5.67162e-07,2
572, 1, 4,5.67224e-07,2
572, 1, 3,5.67252e-07,2
572, 1, 2,5.67283e-07,2
572, 1, 1,5.67305e-07,2
574, 1, 10,6.06077e-07,2
574, 1, 10,6.06079e-07,2
574, 1, 9,6.06235e-07,2
574, 1, 9,6.06237e-07,2
574, 1, 8,6.06354e-07,2
574, 1, 7,6.06492e-07,2
574, 1, 7,6.06493e-07,2
574, 1, 6,6.06574e-07,2
574, 1, 6,6.06575e-07,2
574, 1, 5,6.06668e-07,2
574, 1, 5,6.06669e-07,2
574, 1, 4,6.06734e-07,2
574, 1, 2,6.06791e-07,2
577, 1, 10,6.86493e-07,4
577, 1, 9,6.86538e-07,4
577, 1, 9,6.86538e-07,4
577, 1, 8,6.86581e-07,4
577, 1, 8,6.86581e-07,4
577, 1, 7,6.86609e-07,4
577, 1, 7,6.86609e-07,4
577, 1, 6,6.86642e-07,4
577, 1, 6,6.86642e-07,4
577, 1, 5,6.86667e-07,4
577, 1, 5,6.86668e-07,4
577, 1, 4,6.86686e-07,4
577, 1, 3,6.86694e-07,4
577, 1, 2,6.86701e-07,4
577, 1, 1,6.86709e-07,4
578, 1, 10,7.06246e-07,2
578, 1, 10,7.06247e-07,2
578, 1, 9,7.06403e-07,2
578, 1, 9,7.06404e-07,2
578, 1, 8,7.06525e-07,2
578, 1, 7,7.06644e-07,2
578, 1, 7,7.06645e-07,2
578, 1, 6,7.06755e-07,2
578, 1, 5,7.06839e-07,2
578, 1, 5,7.06841e-07,2
578, 1, 4,7.06912e-07,2
578, 1, 3,7.06941e-07,2
578, 1, 2,7.06973e-07,2
578, 1, 1,7.0699e-07,2
581, 1, 10,7.79528e-07,0
581, 1, 10,7.79533e-07,0
581, 1, 10,7.79614e-07,0
581, 1, 10,7.7962e-07,0
581, 1, 9,7.80192e-07,0
581, 1, 9,7.80196e-07,0
581, 1, 8,7.80524e-07,0
581, 1, 8,7.80527e-07,0
581, 1, 7,7.80928e-07,0
581, 1, 7,7.80931e-07,0
581, 1, 7,7.80981e-07,0
581, 1, 7,7.80985e-07,0
581, 1, 6,7.81265e-07,0
581, 1, 5,7.81536e-07,0
581, 1, 5,7.81542e-07,0
581, 1, 4,7.81746e-07,0
581, 1, 3,7.81831e-07,0
581, 1, 2,7.81922e-07,0
581, 1, 1,7.81976e-07,0
582, 1, 1,8.05749e-07,3
582, 1, 3,8.05804e-07,3
582, 1, 4,8.05833e-07,3
582, 1, 5,8.05878e-07,3
582, 1, 5,8.05881e-07,3
582, 1, 6,8.0597e-07,3
582, 1, 6,8.05971e-07,3
582, 1, 7,8.0607e-07,3
582, 1, 7,8.06072e-07,3
582, 1, 7,8.06076e-07,3
582, 1, 8,8.06188e-07,3
582, 1, 8,8.06189e-07,3
582, 1, 9,8.06332e-07,3
582, 1, 9,8.06334e-07,3
582, 1, 10,8.06466e-07,3
582, 1, 10,8.06467e-07,3
583, 1, 1,8.40341e-07,5
583, 1, 2,8.40347e-07,5
583, 1, 3,8.40356e-07,5
583, 1, 4,8.40365e-07,5
583, 1, 5,8.4038e-07,5
583, 1, 5,8.4038e-07,5
583, 1, 6,8.4041e-07,5
583, 1, 6,8.40411e-07,5
583, 1, 7,8.40442e-07,5
583, 1, 7,8.40442e-07,5
583, 1, 8,8.40472e-07,5
583, 1, 9,8.40514e-07,5
583, 1, 9,8.40514e-07,5
583, 1, 10,8.40559e-07,5
583, 1, 10,8.40559e-07,5
584, 1, 1,8.53507e-07,1
584, 1, 2,8.5356e-07,1
584, 1, 3,8.53658e-07,1
584, 1, 4,8.53735e-07,1
584, 1, 5,8.53956e-07,1
584, 1, 5,8.53961e-07,1
584, 1, 6,8.54175e-07,1
584, 1, 6,8.54178e-07,1
584, 1, 7,8.54546e-07,1
584, 1, 7,8.5455e-07,1
584, 1, 9,8.55252e-07,1
584, 1, 9,8.55256e-07,1
584, 1, 10,8.55805e-07,1
584, 1, 10,8.55809e-07,1
585, 1, 1,8.87787e-07,1
585, 1, 2,8.8785e-07,1
585, 1, 3,8.87947e-07,1
585, 1, 4,8.88024e-07,1
585, 1, 5,8.88189e-07,1
585, 1, 5,8.88195e-07,1
585, 1, 6,8.8852e-07,1
585, 1, 7,8.88794e-07,1
585, 1, 7,8.88798e-07,1
585, 1, 8,8.89237e-07,1
585, 1, 8,8.89241e-07,1
585, 1, 9,8.89636e-07,1
585, 1, 9,8.8964e-07,1
585, 1, 10,8.90196e-07,1
586, 1, 1,9.02729e-07,1
586, 1, 2,9.02783e-07,1
586, 1, 4,9.02969e-07,1
586, 1, 5,9.03113e-07,1
586, 1, 5,9.03118e-07,1
586, 1, 6,9.03456e-07,1
586, 1, 7,9.03713e-07,1
586, 1, 7,9.03716e-07,1
586, 1, 8,9.04104e-07,1
586, 1, 8,9.04108e-07,1
586, 1, 9,9.04499e-07,1
586, 1, 10,9.05152e-07,1
586, 1, 10,9.05158e-07,1
590, 1, 10,1.00311e-06,0
590, 1, 10,1.00311e-06,0
590, 1, 9,1.00367e-06,0
590, 1, 8,1.00406e-06,0
590, 1, 8,1.00406e-06,0
590, 1, 7,1.00438e-06,0
590, 1, 6,1.0047e-06,0
590, 1, 6,1.0047e-06,0
590, 1, 5,1.00496e-06,0
590, 1, 5,1.00496e-06,0
590, 1, 5,1.005e-06,0
590, 1, 5,1.00501e-06,0
590, 1, 4,1.00516e-06,0
590, 1, 3,1.00525e-06,0
590, 1, 2,1.00534e-06,0
590, 1, 1,1.0054e-06,0
591, 1, 1,1.03013e-06,5
591, 1, 2,1.03014e-06,5
591, 1, 4,1.03016e-06,5
591, 1, 5,1.03017e-06,5
591, 1, 5,1.03017e-06,5
591, 1, 6,1.0302e-06,5
591, 1, 6,1.0302e-06,5
591, 1, 6,1.0302e-06,5
591, 1, 6,1.0302e-06,5
591, 1, 7,1.03023e-06,5
591, 1, 7,1.03023e-06,5
591, 1, 8,1.03027e-06,5
591, 1, 9,1.0303e-06,5
591, 1, 9,1.0303e-06,5
591, 1, 10,1.03035e-06,5
591, 1, 10,1.03035e-06,5
595, 1, 1,1.13314e-06,3
595, 1, 2,1.13317e-06,3
595, 1, 3,1.1332e-06,3
595, 1, 4,1.13322e-06,3
595, 1, 5,1.13328e-06,3
595, 1, 5,1.13328e-06,3
595, 1, 5,1.13328e-06,3
595, 1, 5,1.13328e-06,3
595, 1, 6,1.13338e-06,3
595, 1, 6,1.13339e-06,3
595, 1, 7,1.13347e-06,3
595, 1, 8,1.13361e-06,3
595, 1, 9,1.13373e-06,3
595, 1, 10,1.13385e-06,3
595, 1, 10,1.13386e-06,3
597, 1, 10,1.17586e-06,0
597, 1, 9,1.1765e-06,0
597, 1, 9,1.1765e-06,0
597, 1, 8,1.17682e-06,0
597, 1, 8,1.17683e-06,0
597, 1, 7,1.1772e-06,0
597, 1, 7,1.17725e-06,0
597, 1, 7,1.17725e-06,0
597, 1, 6,1.17758e-06,0
597, 1, 6,1.17759e-06,0
597, 1, 5,1.17785e-06,0
597, 1, 5,1.17786e-06,0
597, 1, 4,1.178e-06,0
597, 1, 3,1.1781e-06,0
597, 1, 2,1.17819e-06,0
597, 1, 1,1.17824e-06,0
597, 1, 10,1.19835e-06,0
597, 1, 9,1.19899e-06,0
597, 1, 9,1.199e-06,0
597, 1, 8,1.19932e-06,0
597, 1, 8,1.19932e-06,0
597, 1, 7,1.19969e-06,0
597, 1, 7,1.19974e-06,0
597, 1, 7,1.19975e-06,0
599, 1, 1,1.23513e-06,5
599, 1, 2,1.23514e-06,5
599, 1, 3,1.23515e-06,5
599, 1, 4,1.23516e-06,5
599, 1, 5,1.23517e-06,5
599, 1, 5,1.23517e-06,5
599, 1, 6,1.2352e-06,5
599, 1, 6,1.2352e-06,5
599, 1, 6,1.23521e-06,5
599, 1, 7,1.23523e-06,5
599, 1, 7,1.23523e-06,5
599, 1, 8,1.23527e-06,5
599, 1, 8,1.23527e-06,5
599, 1, 9,1.23531e-06,5
599, 1, 9,1.23531e-06,5
599, 1, 10,1.23535e-06,5
599, 1, 10,1.23535e-06,5
600, 1, 1,5.24397e-09,5
600, 1, 2,5.25188e-09,5
600, 1, 3,5.26067e-09,5
600, 1, 4,5.26931e-09,5
600, 1, 5,5.28543e-09,5
600, 1, 5,5.28549e-09,5
600, 1, 6,5.31227e-09,5
600, 1, 7,5.34911e-09,5
600, 1, 7,5.34926e-09,5
600, 1, 8,5.37807e-09,5
600, 1, 8,5.37843e-09,5
600, 1, 9,5.41245e-09,5
600, 1, 9,5.41286e-09,5
600, 1, 10,5.45782e-09,5
600, 1, 10,5.4582e-09,5
604, 1, 10,1.14148e-07,2
604, 1, 10,1.1415e-07,2
604, 1, 9,1.14303e-07,2
604, 1, 9,1.14307e-07,2
604, 1, 9,1.14308e-07,2
604, 1, 8,1.14426e-07,2
604, 1, 8,1.14428e-07,2
604, 1, 7,1.14526e-07,2
604, 1, 7,1.14527e-07,2
604, 1, 6,1.14646e-07,2
604, 1, 6,1.14647e-07,2
604, 1, 5,1.14712e-07,2
604, 1, 5,1.14714e-07,2
604, 1, 4,1.14786e-07,2
604, 1, 2,1.14846e-07,2
604, 1, 1,1.14866e-07,2
609, 1, 10,2.4482e-07,4
609, 1, 10,2.4482e-07,4
609, 1, 9,2.44864e-07,4
609, 1, 8,2.44899e-07,4
609, 1, 7,2.44942e-07,4
609, 1, 7,2.44942e-07,4
609, 1, 6,2.44966e-07,4
609, 1, 6,2.44966e-07,4
609, 1, 5,2.44979e-07,4
609, 1, 5,2.44988e-07,4
609, 1, 5,2.44994e-07,4
609, 1, 5,2.44994e-07,4
609, 1, 5,2.44998e-07,4
609, 1, 5,2.44999e-07,4
609, 1, 4,2.45014e-07,4
609, 1, 3,2.4502e-07,4
609, 1, 2,2.45032e-07,4
609, 1, 1,2.45038e-07,4
610, 1, 1,2.54402e-07,1
610, 1, 2,2.54479e-07,1
610, 1, 3,2.54559e-07,1
610, 1, 4,2.54653e-07,1
610, 1, 5,2.54849e-07,1
610, 1, 5,2.54854e-07,1
610, 1, 6,2.55136e-07,1
610, 1, 6,2.5514e-07,1
610, 1, 7,2.55448e-07,1
610, 1, 8,2.55855e-07,1
610, 1, 9,2.56173e-07,1
610, 1, 9,2.56177e-07,1
610, 1, 9,2.56247e-07,1
610, 1, 9,2.56252e-07,1
610, 1, 10,2.56813e-07,1
610, 1, 10,2.56818e-07,1
611, 1, 1,2.93447e-07,3
611, 1, 2,2.93472e-07,3
611, 1, 3,2.93503e-07,3
611, 1, 4,2.93533e-07,3
611, 1, 5,2.93583e-07,3
611, 1, 5,2.93586e-07,3
611, 1, 6,2.93688e-07,3
611, 1, 6,2.93689e-07,3
611, 1, 7,2.93777e-07,3
611, 1, 7,2.93778e-07,3
611, 1, 8,2.93912e-07,3
611, 1, 8,2.93913e-07,3
611, 1, 9,2.94033e-07,3
611, 1, 9,2.94034e-07,3
611, 1, 10,2.9419e-07,3
612, 1, 1,3.1242e-07,3
612, 1, 2,3.12443e-07,3
612, 1, 3,3.12475e-07,3
612, 1, 4,3.12504e-07,3
612, 1, 5,3.12557e-07,3
612, 1, 6,3.12638e-07,3
612, 1, 6,3.12639e-07,3
612, 1, 7,3.12749e-07,3
612, 1, 8,3.12864e-07,3
612, 1, 8,3.12865e-07,3
612, 1, 9,3.13006e-07,3
612, 1, 9,3.13007e-07,3
612, 1, 10,3.13137e-07,3
612, 1, 10,3.13138e-07,3
613, 1, 1,3.26628e-07,1
613, 1, 2,3.26697e-07,1
613, 1, 3,3.26793e-07,1
613, 1, 4,3.26867e-07,1
613, 1, 5,3.27076e-07,1
613, 1, 5,3.27083e-07,1
613, 1, 6,3.27281e-07,1
613, 1, 6,3.27285e-07,1
613, 1, 7,3.27603e-07,1
613, 1, 7,3.27606e-07,1
613, 1, 9,3.28453e-07,1
613, 1, 9,3.28457e-07,1
613, 1, 1,3.49122e-07,1
613, 1, 2,3.49191e-07,1
613, 1, 3,3.49287e-07,1
613, 1, 4,3.49361e-07,1
613, 1, 5,3.4957e-07,1
613, 1, 5,3.49577e-07,1
613, 1, 6,3.49775e-07,1
613, 1, 6,3.49779e-07,1
615, 1, 10,3.95216e-07,0
615, 1, 9,3.95688e-07,0
615, 1, 9,3.95692e-07,0
615, 1, 8,3.96156e-07,0
615, 1, 8,3.9616e-07,0
615, 1, 7,3.96523e-07,0
615, 1, 7,3.96526e-07,0
615, 1, 6,3.96794e-07,0
615, 1, 6,3.96798e-07,0
615, 1, 5,3.97059e-07,0
615, 1, 5,3.97064e-07,0
615, 1, 4,3.97252e-07,0
615, 1, 3,3.97337e-07,0
615, 1, 2,3.97433e-07,0
615, 1, 1,3.97492e-07,0
616, 1, 1,4.10379e-07,1
616, 1, 2,4.10435e-07,1
616, 1, 3,4.10531e-07,1
616, 1, 4,4.10618e-07,1
616, 1, 5,4.10757e-07,1
616, 1, 5,4.10764e-07,1
616, 1, 6,4.11037e-07,1
616, 1, 7,4.11374e-07,1
616, 1, 7,4.11377e-07,1
616, 1, 8,4.11744e-07,1
616, 1, 8,4.11748e-07,1
616, 1, 9,4.12145e-07,1
616, 1, 9,4.12149e-07,1
616, 1, 9,4.1222e-07,1
616, 1, 10,4.12786e-07,1
617, 1, 9,4.2748e-07,0
617, 1, 9,4.27485e-07,0
617, 1, 8,4.27889e-07,0
617, 1, 8,4.27893e-07,0
617, 1, 7,4.28296e-07,0
617, 1, 7,4.283e-07,0
617, 1, 6,4.2866e-07,0
617, 1, 6,4.28663e-07,0
617, 1, 5,4.28874e-07,0
617, 1, 5,4.28879e-07,0
617, 1, 4,4.29086e-07,0
617, 1, 3,4.29176e-07,0
617, 1, 2,4.2927e-07,0
617, 1, 1,4.29356e-07,0
617, 1, 9,4.49974e-07,0
617, 1, 9,4.49979e-07,0
619, 1, 1,4.8435e-07,5
619, 1, 2,4.84355e-07,5
619, 1, 3,4.84364e-07,5
619, 1, 4,4.84373e-07,5
619, 1, 5,4.84393e-07,5
619, 1, 5,4.84393e-07,5
619, 1, 6,4.84415e-07,5
619, 1, 7,4.8445e-07,5
619, 1, 7,4.84451e-07,5
619, 1, 7,4.84451e-07,5
619, 1, 8,4.84487e-07,5
619, 1, 8,4.84488e-07,5
619, 1, 9,4.84523e-07,5
619, 1, 9,4.84523e-07,5
619, 1, 10,4.84563e-07,5
619, 1, 10,4.84563e-07,5
620, 1, 10,5.15049e-07,4
620, 1, 10,5.15049e-07,4
620, 1, 10,5.15052e-07,4
620, 1, 9,5.15102e-07,4
620, 1, 9,5.15103e-07,4
620, 1, 8,5.1513e-07,4
620, 1, 8,5.15131e-07,4
620, 1, 7,5.15171e-07,4
620, 1, 7,5.15172e-07,4
620, 1, 6,5.152e-07,4
620, 1, 5,5.15228e-07,4
620, 1, 5,5.15229e-07,4
620, 1, 4,5.15246e-07,4
620, 1, 3,5.15253e-07,4
620, 1, 2,5.15262e-07,4
620, 1, 1,5.1527e-07,4
621, 1, 1,5.39304e-07,5
621, 1, 2,5.3931e-07,5
621, 1, 3,5.39318e-07,5
621, 1, 4,5.39327e-07,5
621, 1, 5,5.39346e-07,5
621, 1, 5,5.39347e-07,5
621, 1, 6,5.39368e-07,5
621, 1, 7,5.39402e-07,5
621, 1, 7,5.39403e-07,5
621, 1, 8,5.39433e-07,5
621, 1, 9,5.39474e-07,5
621, 1, 9,5.39479e-07,5
621, 1, 9,5.3948e-07,5
621, 1, 9,5.39483e-07,5
621, 1, 9,5.39492e-07,5
621, 1, 9,5.39494e-07,5
621, 1, 10,5.3952e-07,5
621, 1, 10,5.3952e-07,5
622, 1, 1,5.67729e-07,3
622, 1, 2,5.67746e-07,3
622, 1, 3,5.67778e-07,3
622, 1, 4,5.67804e-07,3
622, 1, 5,5.67858e-07,3
622, 1, 5,5.67859e-07,3
622, 1, 6,5.67947e-07,3
622, 1, 7,5.68068e-07,3
622, 1, 7,5.68069e-07,3
622, 1, 8,5.68168e-07,3
622, 1, 8,5.68169e-07,3
622, 1, 9,5.68311e-07,3
622, 1, 9,5.68312e-07,3
622, 1, 10,5.68442e-07,3
622, 1, 10,5.68443e-07,3
627, 1, 1,6.83868e-07,1
627, 1, 2,6.83935e-07,1
627, 1, 3,6.84026e-07,1
627, 1, 4,6.8412e-07,1
627, 1, 5,6.84308e-07,1
627, 1, 5,6.84313e-07,1
627, 1, 6,6.8453e-07,1
627, 1, 6,6.84587e-07,1
627, 1, 6,6.8459e-07,1
627, 1, 7,6.84843e-07,1
627, 1, 7,6.84846e-07,1
627, 1, 8,6.85296e-07,1
627, 1, 8,6.85301e-07,1
627, 1, 9,6.85614e-07,1
627, 1, 9,6.85618e-07,1
627, 1, 9,6.8569e-07,1
627, 1, 9,6.85695e-07,1
627, 1, 10,6.86184e-07,1
630, 1, 10,7.64013e-07,4
630, 1, 10,7.64014e-07,4
630, 1, 9,7.64065e-07,4
630, 1, 9,7.64066e-07,4
630, 1, 8,7.64096e-07,4
630, 1, 8,7.64096e-07,4
630, 1, 7,7.6413e-07,4
630, 1, 7,7.6413e-07,4
630, 1, 6,7.64168e-07,4
630, 1, 6,7.64169e-07,4
630, 1, 5,7.6419e-07,4
630, 1, 5,7.64191e-07,4
630, 1, 3,7.64218e-07,4
630, 1, 2,7.64227e-07,4
630, 1, 1,7.64232e-07,4
631, 1, 1,7.92383e-07,1
631, 1, 2,7.92441e-07,1
631, 1, 3,7.9253e-07,1
631, 1, 4,7.92616e-07,1
631, 1, 5,7.92756e-07,1
631, 1, 5,7.92761e-07,1
631, 1, 5,7.92769e-07,1
631, 1, 5,7.92774e-07,1
631, 1, 6,7.93026e-07,1
631, 1, 6,7.9303e-07,1
631, 1, 7,7.93402e-07,1
631, 1, 8,7.93807e-07,1
631, 1, 8,7.93811e-07,1
631, 1, 9,7.94217e-07,1
631, 1, 9,7.94221e-07,1
631, 1, 10,7.94791e-07,1
631, 1, 10,7.94796e-07,1
632, 1, 10,8.03457e-07,4
632, 1, 10,8.03457e-07,4
632, 1, 9,8.03497e-07,4
632, 1, 9,8.03497e-07,4
632, 1, 8,8.03532e-07,4
632, 1, 8,8.03532e-07,4
632, 1, 7,8.03571e-07,4
632, 1, 7,8.03572e-07,4
632, 1, 6,8.03604e-07,4
632, 1, 6,8.03604e-07,4
632, 1, 5,8.0363e-07,4
632, 1, 5,8.0363e-07,4
632, 1, 4,8.03645e-07,4
632, 1, 2,8.03662e-07,4
632, 1, 1,8.03666e-07,4
634, 1, 10,8.72213e-07,4
634, 1, 10,8.72214e-07,4
634, 1, 9,8.72259e-07,4
634, 1, 8,8.72293e-07,4
634, 1, 8,8.72294e-07,4
634, 1, 7,8.72335e-07,4
634, 1, 7,8.72335e-07,4
634, 1, 6,8.7236e-07,4
634, 1, 5,8.72383e-07,4
634, 1, 5,8.72383e-07,4
634, 1, 5,8.72388e-07,4
634, 1, 4,8.72404e-07,4
634, 1, 3,8.72412e-07,4
634, 1, 2,8.72423e-07,4
634, 1, 1,8.72428e-07,4
635, 1, 1,8.79958e-07,1
635, 1, 2,8.80021e-07,1
635, 1, 3,8.80105e-07,1
635, 1, 4,8.80191e-07,1
635, 1, 5,8.80342e-07,1
635, 1, 5,8.80348e-07,1
635, 1, 6,8.80633e-07,1
635, 1, 7,8.80946e-07,1
635, 1, 7,8.80949e-07,1
635, 1, 8,8.81331e-07,1
635, 1, 8,8.81396e-07,1
635, 1, 8,8.814e-07,1
635, 1, 9,8.81709e-07,1
635, 1, 9,8.81713e-07,1
635, 1, 10,8.82355e-07,1
635, 1, 10,8.8236e-07,1
635, 1, 10,8.84649e-07,1
635, 1, 10,8.8465e-07,1
645, 1, 10,1.14353e-06,4
645, 1, 10,1.14353e-06,4
645, 1, 9,1.14359e-06,4
645, 1, 8,1.14362e-06,4
645, 1, 8,1.14362e-06,4
645, 1, 7,1.14366e-06,4
645, 1, 6,1.14368e-06,4
645, 1, 6,1.14368e-06,4
645, 1, 5,1.14371e-06,4
645, 1, 5,1.14372e-06,4
645, 1, 5,1.14372e-06,4
645, 1, 4,1.14373e-06,4
645, 1, 3,1.14374e-06,4
645, 1, 2,1.14375e-06,4
645, 1, 1,1.14375e-06,4
646, 1, 1,1.15813e-06,1
646, 1, 2,1.1582e-06,1
646, 1, 3,1.15829e-06,1
646, 1, 4,1.15837e-06,1
646, 1, 5,1.15852e-06,1
646, 1, 5,1.15853e-06,1
646, 1, 5,1.15854e-06,1
646, 1, 5,1.15854e-06,1
646, 1, 6,1.1588e-06,1
646, 1, 6,1.1588e-06,1
646, 1, 7,1.15915e-06,1
646, 1, 7,1.15916e-06,1
646, 1, 8,1.15956e-06,1
646, 1, 8,1.15956e-06,1
646, 1, 9,1.15989e-06,1
646, 1, 9,1.15989e-06,1
646, 1, 9,1.15996e-06,1
647, 1, 9,1.18358e-06,2
647, 1, 9,1.18358e-06,2
647, 1, 8,1.18371e-06,2
647, 1, 8,1.18372e-06,2
647, 1, 7,1.18383e-06,2
647, 1, 7,1.18383e-06,2
647, 1, 6,1.18394e-06,2
647, 1, 6,1.18394e-06,2
647, 1, 5,1.18401e-06,2
647, 1, 5,1.18401e-06,2
647, 1, 4,1.18408e-06,2
647, 1, 3,1.18411e-06,2
647, 1, 2,1.18414e-06,2
647, 1, 1,1.18416e-06,2
652, 1, 10,6.9362e-08,4
652, 1, 10,6.93623e-08,4
652, 1, 9,6.94134e-08,4
652, 1, 8,6.94483e-08,4
652, 1, 8,6.94487e-08,4
652, 1, 7,6.94778e-08,4
652, 1, 7,6.94781e-08,4
652, 1, 6,6.9514e-08,4
652, 1, 6,6.95142e-08,4
652, 1, 6,6.95159e-08,4
652, 1, 6,6.95161e-08,4
652, 1, 5,6.95371e-08,4
652, 1, 5,6.95375e-08,4
652, 1, 4,6.95568e-08,4
652, 1, 3,6.95632e-08,4
652, 1, 2,6.9572e-08,4
652, 1, 1,6.95797e-08,4
653, 1, 10,7.77437e-08,4
653, 1, 10,7.77441e-08,4
653, 1, 9,7.77897e-08,4
653, 1, 9,7.77902e-08,4
653, 1, 8,7.78254e-08,4
653, 1, 7,7.78613e-08,4
653, 1, 7,7.78616e-08,4
653, 1, 7,7.78632e-08,4
653, 1, 7,7.78638e-08,4
653, 1, 6,7.78925e-08,4
653, 1, 6,7.78928e-08,4
653, 1, 5,7.79232e-08,4
653, 1, 5,7.79232e-08,4
653, 1, 4,7.79386e-08,4
653, 1, 3,7.79487e-08,4
653, 1, 2,7.79572e-08,4
653, 1, 1,7.79602e-08,4
655, 1, 1,1.32342e-07,5
655, 1, 2,1.3235e-07,5
655, 1, 3,1.32359e-07,5
655, 1, 4,1.32367e-07,5
655, 1, 5,1.32383e-07,5
655, 1, 5,1.32388e-07,5
655, 1, 6,1.32409e-07,5
655, 1, 6,1.32409e-07,5
655, 1, 7,1.3244e-07,5
655, 1, 8,1.32482e-07,5
655, 1, 8,1.32482e-07,5
655, 1, 9,1.3251e-07,5
655, 1, 9,1.32511e-07,5
655, 1, 10,1.32556e-07,5
655, 1, 10,1.32556e-07,5
657, 1, 10,1.75238e-07,0
657, 1, 10,1.75244e-07,0
657, 1, 9,1.759e-07,0
657, 1, 9,1.75904e-07,0
657, 1, 8,1.76313e-07,0
657, 1, 8,1.76317e-07,0
657, 1, 7,1.76656e-07,0
657, 1, 7,1.76661e-07,0
657, 1, 6,1.7705e-07,0
657, 1, 6,1.77053e-07,0
657, 1, 5,1.77275e-07,0
657, 1, 5,1.7728e-07,0
657, 1, 4,1.77471e-07,0
657, 1, 3,1.77569e-07,0
657, 1, 2,1.77643e-07,0
657, 1, 1,1.77705e-07,0
657, 1, 10,1.97732e-07,0
657, 1, 10,1.97738e-07,0
657, 1, 9,1.98394e-07,0
657, 1, 9,1.98398e-07,0
657, 1, 8,1.98807e-07,0
657, 1, 8,1.98811e-07,0
657, 1, 7,1.9915e-07,0
657, 1, 7,1.99155e-07,0
657, 1, 6,1.99544e-07,0
657, 1, 6,1.99547e-07,0
657, 1, 5,1.99769e-07,0
657, 1, 5,1.99774e-07,0
657, 1, 4,1.99965e-07,0
659, 1, 1,2.43001e-07,5
659, 1, 2,2.43008e-07,5
659, 1, 3,2.43017e-07,5
659, 1, 4,2.43025e-07,5
659, 1, 5,2.43041e-07,5
659, 1, 5,2.43041e-07,5
659, 1, 6,2.43067e-07,5
659, 1, 6,2.43067e-07,5
659, 1, 7,2.43104e-07,5
659, 1, 7,2.43104e-07,5
659, 1, 8,2.43133e-07,5
659, 1, 8,2.43134e-07,5
659, 1, 9,2.43169e-07,5
659, 1, 9,2.43169e-07,5
659, 1, 10,2.43214e-07,5
659, 1, 10,2.43215e-07,5
660, 1, 10,2.62387e-07,4
660, 1, 10,2.62387e-07,4
660, 1, 9,2.62426e-07,4
660, 1, 9,2.62426e-07,4
660, 1, 8,2.62469e-07,4
660, 1, 8,2.6247e-07,4
660, 1, 7,2.62503e-07,4
660, 1, 7,2.62503e-07,4
660, 1, 6,2.62536e-07,4
660, 1, 6,2.62537e-07,4
660, 1, 5,2.62558e-07,4
660, 1, 5,2.62563e-07,4
660, 1, 5,2.62563e-07,4
660, 1, 5,2.62564e-07,4
660, 1, 4,2.62577e-07,4
660, 1, 3,2.62586e-07,4
660, 1, 2,2.62597e-07,4
660, 1, 1,2.62602e-07,4
662, 1, 10,3.13328e-07,2
662, 1, 10,3.13329e-07,2
662, 1, 9,3.13505e-07,2
662, 1, 9,3.13506e-07,2
662, 1, 8,3.13627e-07,2
662, 1, 8,3.13628e-07,2
662, 1, 7,3.13743e-07,2
662, 1, 7,3.13743e-07,2
662, 1, 6,3.13822e-07,2
662, 1, 6,3.13838e-07,2
662, 1, 6,3.13839e-07,2
662, 1, 5,3.13908e-07,2
662, 1, 5,3.1391e-07,2
662, 1, 3,3.14013e-07,2
662, 1, 2,3.14042e-07,2
662, 1, 1,3.14059e-07,2
665, 1, 1,3.91375e-07,1
665, 1, 2,3.91445e-07,1
665, 1, 3,3.9153e-07,1
665, 1, 4,3.91618e-07,1
665, 1, 5,3.91834e-07,1
665, 1, 5,3.91838e-07,1
665, 1, 6,3.92109e-07,1
665, 1, 6,3.92111e-07,1
665, 1, 7,3.92369e-07,1
665, 1, 7,3.92372e-07,1
665, 1, 8,3.92816e-07,1
665, 1, 8,3.9282e-07,1
665, 1, 8,3.92836e-07,1
665, 1, 9,3.93157e-07,1
665, 1, 9,3.93162e-07,1
665, 1, 9,3.93233e-07,1
665, 1, 10,3.93794e-07,1
669, 1, 10,4.87513e-07,0
669, 1, 10,4.87518e-07,0
669, 1, 9,4.88001e-07,0
669, 1, 9,4.88005e-07,0
669, 1, 8,4.88468e-07,0
669, 1, 8,4.88472e-07,0
669, 1, 7,4.88841e-07,0
669, 1, 7,4.88903e-07,0
669, 1, 6,4.89181e-07,0
669, 1, 6,4.89185e-07,0
669, 1, 5,4.89388e-07,0
669, 1, 5,4.89394e-07,0
669, 1, 4,4.89611e-07,0
669, 1, 3,4.89686e-07,0
669, 1, 2,4.89789e-07,0
669, 1, 1,4.89843e-07,0
669, 1, 1,4.89855e-07,0
670, 1, 1,5.12722e-07,5
670, 1, 2,5.1273e-07,5
670, 1, 3,5.12739e-07,5
670, 1, 4,5.12747e-07,5
670, 1, 5,5.12762e-07,5
670, 1, 5,5.12763e-07,5
670, 1, 6,5.12789e-07,5
670, 1, 6,5.12789e-07,5
670, 1, 7,5.12821e-07,5
670, 1, 7,5.12821e-07,5
670, 1, 7,5.12826e-07,5
670, 1, 7,5.12826e-07,5
670, 1, 8,5.12855e-07,5
670, 1, 8,5.12855e-07,5
670, 1, 9,5.1289e-07,5
670, 1, 9,5.1289e-07,5
670, 1, 10,5.12936e-07,5
670, 1, 10,5.12936e-07,5
676, 1, 10,6.57102e-07,0
676, 1, 10,6.57107e-07,0
676, 1, 9,6.57658e-07,0
676, 1, 9,6.57662e-07,0
676, 1, 8,6.58067e-07,0
676, 1, 8,6.58071e-07,0
676, 1, 7,6.58406e-07,0
676, 1, 7,6.58438e-07,0
676, 1, 7,6.58441e-07,0
676, 1, 6,6.58763e-07,0
676, 1, 6,6.58767e-07,0
676, 1, 5,6.58995e-07,0
676, 1, 5,6.59e-07,0
676, 1, 3,6.59289e-07,0
676, 1, 2,6.59367e-07,0
676, 1, 1,6.59432e-07,0
677, 1, 2,6.92043e-07,1
677, 1, 3,6.92132e-07,1
677, 1, 4,6.92218e-07,1
677, 1, 5,6.92371e-07,1
677, 1, 5,6.92376e-07,1
677, 1, 5,6.92385e-07,1
677, 1, 5,6.92419e-07,1
677, 1, 6,6.92641e-07,1
677, 1, 6,6.92644e-07,1
677, 1, 7,6.93039e-07,1
677, 1, 7,6.93043e-07,1
677, 1, 8,6.93353e-07,1
677, 1, 9,6.93766e-07,1
679, 1, 10,7.26001e-07,4
679, 1, 10,7.26001e-07,4
679, 1, 9,7.26047e-07,4
679, 1, 9,7.26047e-07,4
679, 1, 8,7.26083e-07,4
679, 1, 8,7.26083e-07,4
679, 1, 7,7.26125e-07,4
679, 1, 7,7.26125e-07,4
679, 1, 6,7.26151e-07,4
679, 1, 5,7.26176e-07,4
679, 1, 5,7.26177e-07,4
679, 1, 5,7.26179e-07,4
679, 1, 5,7.26179e-07,4
679, 1, 4,7.26196e-07,4
679, 1, 2,7.26216e-07,4
679, 1, 1,7.26221e-07,4
679, 1, 10,7.48495e-07,4
679, 1, 10,7.48495e-07,4
679, 1, 9,7.48541e-07,4
679, 1, 9,7.48541e-07,4
679, 1, 8,7.48577e-07,4
679, 1, 8,7.48577e-07,4
679, 1, 7,7.48619e-07,4
679, 1, 7,7.48619e-07,4
679, 1, 6,7.48645e-07,4
679, 1, 5,7.4867e-07,4
679, 1, 5,7.48671e-07,4
679, 1, 5,7.48673e-07,4
679, 1, 5,7.48673e-07,4
679, 1, 4,7.4869e-07,4
679, 1, 2,7.4871e-07,4
679, 1, 1,7.48715e-07,4
680, 1, 1,7.62125e-07,5
680, 1, 2,7.62133e-07,5
680, 1, 2,7.62133e-07,5
680, 1, 3,7.62142e-07,5
680, 1, 4,7.62151e-07,5
680, 1, 5,7.6217e-07,5
680, 1, 5,7.62171e-07,5
680, 1, 6,7.62192e-07,5
680, 1, 6,7.62193e-07,5
680, 1, 7,7.62222e-07,5
680, 1, 7,7.62223e-07,5
680, 1, 8,7.62264e-07,5
680, 1, 8,7.62265e-07,5
680, 1, 9,7.62299e-07,5
680, 1, 9,7.62299e-07,5
680, 1, 10,7.62338e-07,5
680, 1, 10,7.62338e-07,5
681, 1, 10,7.83247e-07,2
681, 1, 10,7.83248e-07,2
681, 1, 9,7.83398e-07,2
681, 1, 9,7.834e-07,2
681, 1, 8,7.83496e-07,2
681, 1, 8,7.83498e-07,2
681, 1, 7,7.83639e-07,2
681, 1, 7,7.8364e-07,2
681, 1, 6,7.83737e-07,2
681, 1, 6,7.83738e-07,2
681, 1, 5,7.83815e-07,2
681, 1, 5,7.83816e-07,2
681, 1, 5,7.8383e-07,2
681, 1, 5,7.83832e-07,2
681, 1, 4,7.83881e-07,2
681, 1, 3,7.83908e-07,2
681, 1, 2,7.83941e-07,2
681, 1, 1,7.83961e-07,2
682, 1, 1,8.01749e-07,3
682, 1, 2,8.01769e-07,3
682, 1, 3,8.01799e-07,3
682, 1, 4,8.01826e-07,3
682, 1, 5,8.01897e-07,3
682, 1, 5,8.01899e-07,3
682, 1, 6,8.01971e-07,3
682, 1, 7,8.02089e-07,3
682, 1, 7,8.02091e-07,3
682, 1, 9,8.02317e-07,3
682, 1, 9,8.02318e-07,3
682, 1, 10,8.02476e-07,3
682, 1, 1,8.24243e-07,3
682, 1, 2,8.24263e-07,3
682, 1, 3,8.24293e-07,3
682, 1, 4,8.2432e-07,3
682, 1, 5,8.24391e-07,3
682, 1, 5,8.24393e-07,3
682, 1, 6,8.24465e-07,3
682, 1, 7,8.24583e-07,3
682, 1, 7,8.24585e-07,3
682, 1, 9,8.24811e-07,3
682, 1, 9,8.24812e-07,3
682, 1, 10,8.2497e-07,3
684, 1, 1,8.53949e-07,5
684, 1, 2,8.53955e-07,5
684, 1, 3,8.53964e-07,5
684, 1, 4,8.53972e-07,5
684, 1, 5,8.53992e-07,5
684, 1, 5,8.53992e-07,5
684, 1, 5,8.53992e-07,5
684, 1, 5,8.53993e-07,5
684, 1, 6,8.54014e-07,5
684, 1, 7,8.54046e-07,5
684, 1, 7,8.54046e-07,5
684, 1, 7,8.54051e-07,5
684, 1, 7,8.54051e-07,5
684, 1, 8,8.54081e-07,5
684, 1, 8,8.54081e-07,5
684, 1, 9,8.54123e-07,5
684, 1, 9,8.54123e-07,5
684, 1, 10,8.54162e-07,5
684, 1, 10,8.54162e-07,5
685, 1, 1,8.88369e-07,3
685, 1, 2,8.88389e-07,3
685, 1, 3,8.88418e-07,3
685, 1, 4,8.88444e-07,3
685, 1, 5,8.88495e-07,3
685, 1, 5,8.88497e-07,3
685, 1, 6,8.88603e-07,3
685, 1, 6,8.88604e-07,3
685, 1, 7,8.88692e-07,3
685, 1, 7,8.88693e-07,3
685, 1, 8,8.8881e-07,3
685, 1, 8,8.88832e-07,3
685, 1, 8,8.88833e-07,3
685, 1, 9,8.8895e-07,3
685, 1, 9,8.88951e-07,3
685, 1, 10,8.89083e-07,3
685, 1, 10,8.89084e-07,3
689, 1, 10,9.8886e-07,4
689, 1, 10,9.88861e-07,4
689, 1, 9,9.88907e-07,4
689, 1, 9,9.88907e-07,4
689, 1, 8,9.88943e-07,4
689, 1, 8,9.88943e-07,4
689, 1, 7,9.88982e-07,4
689, 1, 7,9.88983e-07,4
689, 1, 6,9.89014e-07,4
689, 1, 6,9.89014e-07,4
689, 1, 5,9.89035e-07,4
689, 1, 5,9.89036e-07,4
689, 1, 4,9.89057e-07,4
689, 1, 3,9.89068e-07,4
689, 1, 2,9.89077e-07,4
689, 1, 1,9.89081e-07,4
692, 1, 9,1.05037e-06,0
692, 1, 9,1.05037e-06,0
692, 1, 8,1.05077e-06,0
692, 1, 8,1.05077e-06,0
692, 1, 7,1.05122e-06,0
692, 1, 7,1.05122e-06,0
692, 1, 6,1.05149e-06,0
692, 1, 6,1.0515e-06,0
692, 1, 5,1.05176e-06,0
692, 1, 4,1.05199e-06,0
692, 1, 3,1.05207e-06,0
692, 1, 1,1.05222e-06,0
692, 1, 10,1.07229e-06,0
692, 1, 10,1.07229e-06,0
692, 1, 10,1.07237e-06,0
692, 1, 10,1.07238e-06,0
692, 1, 9,1.07286e-06,0
692, 1, 9,1.07286e-06,0
692, 1, 8,1.07326e-06,0
692, 1, 8,1.07327e-06,0
692, 1, 7,1.07371e-06,0
692, 1, 7,1.07371e-06,0
692, 1, 6,1.07399e-06,0
692, 1, 6,1.07399e-06,0
692, 1, 5,1.07426e-06,0
692, 1, 4,1.07448e-06,0
692, 1, 3,1.07456e-06,0
692, 1, 1,1.07472e-06,0
694, 1, 1,1.10409e-06,3
694, 1, 2,1.10411e-06,3
694, 1, 3,1.10414e-06,3
694, 1, 4,1.10418e-06,3
694, 1, 5,1.10424e-06,3
694, 1, 5,1.10424e-06,3
694, 1, 6,1.10432e-06,3
694, 1, 6,1.10432e-06,3
694, 1, 6,1.10433e-06,3
694, 1, 7,1.10444e-06,3
694, 1, 7,1.10444e-06,3
694, 1, 8,1.10456e-06,3
694, 1, 8,1.10456e-06,3
694, 1, 9,1.10465e-06,3
694, 1, 9,1.10466e-06,3
694, 1, 10,1.10481e-06,3
696, 1, 1,1.16907e-06,5
696, 1, 2,1.16908e-06,5
696, 1, 3,1.16909e-06,5
696, 1, 3,1.16909e-06,5
696, 1, 4,1.1691e-06,5
696, 1, 5,1.16912e-06,5
696, 1, 5,1.16912e-06,5
696, 1, 6,1.16914e-06,5
696, 1, 6,1.16914e-06,5
696, 1, 7,1.16918e-06,5
696, 1, 8,1.16921e-06,5
696, 1, 8,1.16921e-06,5
696, 1, 9,1.16925e-06,5
696, 1, 9,1.16925e-06,5
696, 1, 10,1.1693e-06,5
696, 1, 10,1.1693e-06,5
697, 1, 1,1.19295e-06,5
697, 1, 2,1.19296e-06,5
697, 1, 3,1.19297e-06,5
697, 1, 4,1.19298e-06,5
697, 1, 5,1.19299e-06,5
697, 1, 5,1.19299e-06,5
697, 1, 6,1.19302e-06,5
697, 1, 6,1.19302e-06,5
697, 1, 6,1.19302e-06,5
697, 1, 6,1.19302e-06,5
697, 1, 7,1.19306e-06,5
697, 1, 7,1.19306e-06,5
697, 1, 8,1.19309e-06,5
697, 1, 8,1.19309e-06,5
697, 1, 9,1.19312e-06,5
697, 1, 9,1.19312e-06,5
697, 1, 10,1.19317e-06,5
697, 1, 10,1.19317e-06,5
699, 1, 1,1.23038e-06,5
699, 1, 2,1.23038e-06,5
699, 1, 3,1.23039e-06,5
699, 1, 4,1.2304e-06,5
699, 1, 5,1.23042e-06,5
699, 1, 5,1.23042e-06,5
699, 1, 6,1.23043e-06,5
699, 1, 6,1.23043e-06,5
699, 1, 6,1.23044e-06,5
699, 1, 6,1.23044e-06,5
699, 1, 6,1.23044e-06,5
699, 1, 6,1.23044e-06,5
699, 1, 7,1.23048e-06,5
699, 1, 7,1.23048e-06,5
699, 1, 8,1.23052e-06,5
699, 1, 8,1.23052e-06,5
699, 1, 9,1.23055e-06,5
699, 1, 9,1.23055e-06,5
699, 1, 10,1.2306e-06,5
699, 1, 10,1.2306e-06,5
702, 1, 10,6.05229e-08,4
702, 1, 9,6.05696e-08,4
702, 1, 9,6.057e-08,4
702, 1, 8,6.06036e-08,4
702, 1, 7,6.06355e-08,4
702, 1, 7,6.06359e-08,4
702, 1, 6,6.06696e-08,4
702, 1, 6,6.06697e-08,4
702, 1, 5,6.06982e-08,4
702, 1, 5,6.06983e-08,4
702, 1, 4,6.07114e-08,4
702, 1, 3,6.07199e-08,4
702, 1, 2,6.0731e-08,4
704, 1, 1,1.0053e-07,1
704, 1, 2,1.00599e-07,1
704, 1, 3,1.00676e-07,1
704, 1, 4,1.00762e-07,1
704, 1, 5,1.00923e-07,1
704, 1, 5,1.00929e-07,1
704, 1, 6,1.01235e-07,1
704, 1, 7,1.01523e-07,1
704, 1, 7,1.01527e-07,1
704, 1, 7,1.01576e-07,1
704, 1, 7,1.01579e-07,1
704, 1, 8,1.0195e-07,1
704, 1, 9,1.02288e-07,1
704, 1, 10,1.02854e-07,1
704, 1, 10,1.02858e-07,1
704, 1, 1,1.23024e-07,1
704, 1, 2,1.23093e-07,1
704, 1, 3,1.2317e-07,1
704, 1, 4,1.23256e-07,1
704, 1, 5,1.23417e-07,1
704, 1, 5,1.23423e-07,1
704, 1, 6,1.23729e-07,1
704, 1, 7,1.24017e-07,1
704, 1, 7,1.24021e-07,1
704, 1, 7,1.2407e-07,1
704, 1, 7,1.24073e-07,1
704, 1, 8,1.24444e-07,1
704, 1, 9,1.24782e-07,1
705, 1, 10,1.26643e-07,4
705, 1, 10,1.26644e-07,4
705, 1, 9,1.2669e-07,4
705, 1, 9,1.26691e-07,4
705, 1, 8,1.26718e-07,4
705, 1, 8,1.26719e-07,4
705, 1, 7,1.26756e-07,4
705, 1, 7,1.26756e-07,4
705, 1, 6,1.26789e-07,4
705, 1, 6,1.26791e-07,4
705, 1, 6,1.26792e-07,4
705, 1, 5,1.26813e-07,4
705, 1, 5,1.26815e-07,4
705, 1, 4,1.26834e-07,4
705, 1, 3,1.26841e-07,4
705, 1, 2,1.26849e-07,4
705, 1, 2,1.26851e-07,4
705, 1, 1,1.26855e-07,4
705, 1, 1,1.26856e-07,4
705, 1, 10,1.49137e-07,4
705, 1, 10,1.49138e-07,4
705, 1, 9,1.49184e-07,4
705, 1, 9,1.49185e-07,4
705, 1, 8,1.49212e-07,4
705, 1, 8,1.49213e-07,4
705, 1, 7,1.4925e-07,4
705, 1, 7,1.4925e-07,4
705, 1, 6,1.49283e-07,4
705, 1, 6,1.49285e-07,4
705, 1, 6,1.49286e-07,4
705, 1, 5,1.49307e-07,4
705, 1, 5,1.49309e-07,4
705, 1, 4,1.49328e-07,4
705, 1, 3,1.49335e-07,4
705, 1, 2,1.49343e-07,4
705, 1, 2,1.49345e-07,4
705, 1, 1,1.49349e-07,4
705, 1, 1,1.4935e-07,4
706, 1, 2,1.58575e-07,1
706, 1, 3,1.58671e-07,1
706, 1, 4,1.58748e-07,1
706, 1, 5,1.58959e-07,1
706, 1, 5,1.58981e-07,1
706, 1, 6,1.59164e-07,1
706, 1, 6,1.59167e-07,1
706, 1, 7,1.59541e-07,1
706, 1, 7,1.59544e-07,1
706, 1, 8,1.59864e-07,1
706, 1, 8,1.59868e-07,1
711, 1, 2,2.95254e-07,5
711, 1, 3,2.95263e-07,5
711, 1, 4,2.95272e-07,5
711, 1, 5,2.95288e-07,5
711, 1, 5,2.95288e-07,5
711, 1, 6,2.95319e-07,5
711, 1, 6,2.9532e-07,5
711, 1, 7,2.95349e-07,5
711, 1, 7,2.95351e-07,5
711, 1, 8,2.95382e-07,5
711, 1, 8,2.95382e-07,5
711, 1, 8,2.95388e-07,5
711, 1, 8,2.95389e-07,5
711, 1, 9,2.95417e-07,5
711, 1, 9,2.95418e-07,5
711, 1, 10,2.95469e-07,5
711, 1, 10,2.9547e-07,5
712, 1, 10,3.1221e-07,2
712, 1, 10,3.12211e-07,2
712, 1, 9,3.12362e-07,2
712, 1, 9,3.12363e-07,2
712, 1, 8,3.12503e-07,2
712, 1, 8,3.12504e-07,2
712, 1, 7,3.12619e-07,2
712, 1, 6,3.12723e-07,2
712, 1, 6,3.12724e-07,2
712, 1, 5,3.12816e-07,2
712, 1, 3,3.12892e-07,2
712, 1, 2,3.12926e-07,2
712, 1, 1,3.12945e-07,2
714, 1, 1,3.51766e-07,1
714, 1, 3,3.5192e-07,1
714, 1, 4,3.51995e-07,1
714, 1, 5,3.52194e-07,1
714, 1, 5,3.52199e-07,1
714, 1, 6,3.52437e-07,1
714, 1, 6,3.52441e-07,1
714, 1, 7,3.52762e-07,1
714, 1, 7,3.52765e-07,1
714, 1, 7,3.52816e-07,1
714, 1, 7,3.5282e-07,1
714, 1, 8,3.53158e-07,1
714, 1, 8,3.53162e-07,1
714, 1, 9,3.53562e-07,1
714, 1, 9,3.53566e-07,1
714, 1, 10,3.54133e-07,1
714, 1, 10,3.54138e-07,1
714, 1, 1,3.74259e-07,1
714, 1, 3,3.74414e-07,1
714, 1, 4,3.74489e-07,1
714, 1, 5,3.74688e-07,1
714, 1, 5,3.74693e-07,1
714, 1, 6,3.74931e-07,1
714, 1, 6,3.74935e-07,1
715, 1, 1,3.80271e-07,1
715, 1, 2,3.80336e-07,1
715, 1, 3,3.80423e-07,1
715, 1, 4,3.80508e-07,1
715, 1, 5,3.80656e-07,1
715, 1, 5,3.80662e-07,1
715, 1, 6,3.80944e-07,1
715, 1, 6,3.80948e-07,1
715, 1, 7,3.8126e-07,1
715, 1, 8,3.81708e-07,1
715, 1, 8,3.81712e-07,1
715, 1, 9,3.82123e-07,1
715, 1, 9,3.82128e-07,1
715, 1, 10,3.82613e-07,1
715, 1, 10,3.82618e-07,1
716, 1, 10,4.151e-07,4
716, 1, 10,4.151e-07,4
716, 1, 9,4.15151e-07,4
716, 1, 9,4.15152e-07,4
716, 1, 8,4.15181e-07,4
716, 1, 8,4.15181e-07,4
716, 1, 7,4.1522e-07,4
716, 1, 7,4.15221e-07,4
716, 1, 6,4.15249e-07,4
716, 1, 6,4.1525e-07,4
716, 1, 5,4.15278e-07,4
716, 1, 5,4.15278e-07,4
716, 1, 4,4.15294e-07,4
716, 1, 3,4.15302e-07,4
716, 1, 2,4.1531e-07,4
717, 1, 1,4.27663e-07,5
717, 1, 2,4.27668e-07,5
717, 1, 3,4.27678e-07,5
717, 1, 4,4.27687e-07,5
717, 1, 5,4.27702e-07,5
717, 1, 5,4.27702e-07,5
717, 1, 6,4.27733e-07,5
717, 1, 7,4.27759e-07,5
717, 1, 7,4.27759e-07,5
717, 1, 8,4.278e-07,5
717, 1, 8,4.27801e-07,5
717, 1, 9,4.2783e-07,5
717, 1, 9,4.2783e-07,5
717, 1, 10,4.27875e-07,5
717, 1, 10,4.27875e-07,5
719, 1, 1,4.7525e-07,3
719, 1, 2,4.75274e-07,3
719, 1, 3,4.75302e-07,3
719, 1, 4,4.7533e-07,3
719, 1, 5,4.75383e-07,3
719, 1, 5,4.75385e-07,3
719, 1, 6,4.75467e-07,3
719, 1, 6,4.75468e-07,3
719, 1, 7,4.7559e-07,3
719, 1, 7,4.75591e-07,3
719, 1, 8,4.75686e-07,3
719, 1, 8,4.75687e-07,3
719, 1, 8,4.75709e-07,3
719, 1, 9,4.75804e-07,3
719, 1, 9,4.75805e-07,3
719, 1, 10,4.75982e-07,3
719, 1, 10,4.75984e-07,3
719, 1, 1,4.97744e-07,3
719, 1, 2,4.97768e-07,3
719, 1, 3,4.97796e-07,3
719, 1, 4,4.97824e-07,3
719, 1, 5,4.97877e-07,3
719, 1, 5,4.97879e-07,3
719, 1, 6,4.97961e-07,3
719, 1, 6,4.97962e-07,3
719, 1, 7,4.98084e-07,3
719, 1, 7,4.98085e-07,3
719, 1, 8,4.9818e-07,3
719, 1, 8,4.98181e-07,3
719, 1, 8,4.98203e-07,3
719, 1, 9,4.98298e-07,3
719, 1, 9,4.98299e-07,3
719, 1, 10,4.98476e-07,3
719, 1, 10,4.98478e-07,3
720, 1, 1,5.03415e-07,1
720, 1, 2,5.03469e-07,1
720, 1, 3,5.0357e-07,1
720, 1, 4,5.03646e-07,1
720, 1, 5,5.03818e-07,1
720, 1, 5,5.03823e-07,1
720, 1, 5,5.03868e-07,1
720, 1, 6,5.04077e-07,1
720, 1, 6,5.0408e-07,1
720, 1, 7,5.04452e-07,1
720, 1, 7,5.04455e-07,1
720, 1, 8,5.0484e-07,1
720, 1, 8,5.04844e-07,1
720, 1, 9,5.05168e-07,1
720, 1, 9,5.05172e-07,1
722, 1, 10,5.66682e-07,2
722, 1, 10,5.66683e-07,2
722, 1, 9,5.66816e-07,2
722, 1, 9,5.66817e-07,2
722, 1, 8,5.66936e-07,2
722, 1, 8,5.66937e-07,2
722, 1, 7,5.67057e-07,2
722, 1, 7,5.67058e-07,2
722, 1, 6,5.67161e-07,2
722, 1, 5,5.67248e-07,2
722, 1, 5,5.67249e-07,2
722, 1, 4,5.67316e-07,2
722, 1, 3,5.67345e-07,2
722, 1, 2,5.67373e-07,2
722, 1, 1,5.67394e-07,2
726, 1, 9,6.56712e-07,0
726, 1, 9,6.56717e-07,0
726, 1, 8,6.5711e-07,0
726, 1, 8,6.57114e-07,0
726, 1, 7,6.57485e-07,0
726, 1, 7,6.57489e-07,0
726, 1, 6,6.5779e-07,0
726, 1, 6,6.57793e-07,0
726, 1, 5,6.58075e-07,0
726, 1, 5,6.58081e-07,0
726, 1, 4,6.58226e-07,0
726, 1, 3,6.58298e-07,0
726, 1, 2,6.58399e-07,0
726, 1, 1,6.58466e-07,0
729, 1, 8,7.33882e-07,0
729, 1, 8,7.33886e-07,0
729, 1, 7,7.34188e-07,0
729, 1, 7,7.34191e-07,0
729, 1, 6,7.34524e-07,0
729, 1, 6,7.34528e-07,0
729, 1, 6,7.34573e-07,0
729, 1, 6,7.34577e-07,0
729, 1, 5,7.3478e-07,0
729, 1, 5,7.34786e-07,0
729, 1, 4,7.35e-07,0
729, 1, 3,7.35083e-07,0
729, 1, 2,7.35163e-07,0
729, 1, 1,7.35231e-07,0
730, 1, 1,7.55637e-07,3
730, 1, 1,7.55643e-07,3
730, 1, 2,7.55662e-07,3
730, 1, 3,7.55693e-07,3
730, 1, 4,7.55722e-07,3
730, 1, 5,7.55755e-07,3
730, 1, 5,7.55756e-07,3
730, 1, 6,7.5583e-07,3
730, 1, 7,7.55928e-07,3
730, 1, 7,7.55929e-07,3
730, 1, 7,7.55944e-07,3
730, 1, 8,7.56038e-07,3
730, 1, 8,7.56039e-07,3
730, 1, 9,7.56156e-07,3
730, 1, 9,7.56158e-07,3
730, 1, 10,7.56332e-07,3
730, 1, 10,7.56333e-07,3
735, 1, 10,8.83713e-07,2
735, 1, 10,8.83736e-07,2
735, 1, 10,8.83737e-07,2
735, 1, 10,8.83737e-07,2
735, 1, 9,8.83891e-07,2
735, 1, 9,8.83892e-07,2
735, 1, 8,8.84011e-07,2
735, 1, 8,8.84013e-07,2
735, 1, 7,8.84113e-07,2
735, 1, 7,8.84113e-07,2
735, 1, 6,8.8423e-07,2
735, 1, 6,8.84231e-07,2
735, 1, 5,8.84302e-07,2
735, 1, 5,8.84304e-07,2
735, 1, 4,8.84373e-07,2
735, 1, 3,8.84406e-07,2
735, 1, 2,8.84431e-07,2
735, 1, 1,8.84453e-07,2
737, 1, 1,9.29569e-07,5
737, 1, 2,9.29575e-07,5
737, 1, 3,9.29584e-07,5
737, 1, 4,9.29592e-07,5
737, 1, 5,9.29611e-07,5
737, 1, 5,9.29612e-07,5
737, 1, 6,9.29639e-07,5
737, 1, 6,9.29639e-07,5
737, 1, 7,9.29665e-07,5
737, 1, 7,9.29666e-07,5
737, 1, 7,9.2967e-07,5
737, 1, 7,9.2967e-07,5
737, 1, 8,9.29707e-07,5
737, 1, 8,9.29707e-07,5
737, 1, 9,9.29743e-07,5
737, 1, 9,9.29744e-07,5
737, 1, 10,9.29783e-07,5
737, 1, 10,9.29783e-07,5
738, 1, 1,9.60705e-07,3
738, 1, 2,9.60722e-07,3
738, 1, 3,9.60755e-07,3
738, 1, 4,9.60784e-07,3
738, 1, 5,9.60834e-07,3
738, 1, 5,9.60837e-07,3
738, 1, 6,9.6092e-07,3
738, 1, 6,9.60921e-07,3
738, 1, 7,9.61024e-07,3
738, 1, 8,9.61165e-07,3
738, 1, 8,9.61166e-07,3
738, 1, 9,9.61262e-07,3
738, 1, 9,9.61264e-07,3
738, 1, 10,9.61439e-07,3
738, 1, 10,9.61441e-07,3
742, 1, 10,1.0606e-06,0
742, 1, 10,1.06061e-06,0
742, 1, 9,1.06118e-06,0
742, 1, 9,1.06118e-06,0
742, 1, 8,1.06157e-06,0
742, 1, 8,1.06158e-06,0
742, 1, 7,1.06188e-06,0
742, 1, 7,1.06188e-06,0
742, 1, 6,1.06225e-06,0
742, 1, 5,1.06247e-06,0
742, 1, 5,1.06252e-06,0
742, 1, 5,1.06252e-06,0
742, 1, 4,1.06266e-06,0
742, 1, 3,1.06274e-06,0
742, 1, 2,1.06284e-06,0
742, 1, 1,1.06291e-06,0
744, 1, 1,1.10159e-06,3
744, 1, 2,1.10161e-06,3
744, 1, 3,1.10164e-06,3
744, 1, 4,1.10167e-06,3
744, 1, 5,1.10173e-06,3
744, 1, 5,1.10173e-06,3
744, 1, 5,1.10174e-06,3
744, 1, 5,1.10174e-06,3
744, 1, 6,1.10181e-06,3
744, 1, 6,1.10181e-06,3
744, 1, 7,1.10193e-06,3
744, 1, 7,1.10193e-06,3
744, 1, 8,1.10205e-06,3
744, 1, 9,1.10215e-06,3
744, 1, 9,1.10215e-06,3
744, 1, 10,1.1023e-06,3
744, 1, 10,1.1023e-06,3
744, 1, 1,1.12408e-06,3
744, 1, 2,1.1241e-06,3
744, 1, 3,1.12413e-06,3
744, 1, 4,1.12416e-06,3
744, 1, 5,1.12423e-06,3
744, 1, 5,1.12423e-06,3
744, 1, 5,1.12423e-06,3
744, 1, 5,1.12423e-06,3
744, 1, 6,1.1243e-06,3
744, 1, 6,1.1243e-06,3
744, 1, 7,1.12442e-06,3
744, 1, 7,1.12442e-06,3
744, 1, 8,1.12455e-06,3
744, 1, 9,1.12464e-06,3
744, 1, 9,1.12465e-06,3
744, 1, 10,1.1248e-06,3
744, 1, 10,1.1248e-06,3
745, 1, 1,1.13281e-06,5
745, 1, 2,1.13282e-06,5
745, 1, 3,1.13283e-06,5
745, 1, 3,1.13283e-06,5
745, 1, 4,1.13284e-06,5
745, 1, 5,1.13285e-06,5
745, 1, 5,1.13285e-06,5
745, 1, 6,1.13288e-06,5
745, 1, 6,1.13288e-06,5
745, 1, 6,1.13288e-06,5
745, 1, 7,1.13291e-06,5
745, 1, 7,1.13291e-06,5
745, 1, 8,1.13294e-06,5
745, 1, 8,1.13294e-06,5
745, 1, 9,1.13299e-06,5
745, 1, 9,1.13299e-06,5
745, 1, 10,1.13303e-06,5
745, 1, 10,1.13303e-06,5
748, 1, 10,1.20197e-06,4
748, 1, 9,1.20202e-06,4
748, 1, 9,1.20202e-06,4
748, 1, 8,1.20205e-06,4
748, 1, 7,1.20209e-06,4
748, 1, 7,1.20209e-06,4
748, 1, 6,1.20213e-06,4
748, 1, 5,1.20215e-06,4
748, 1, 4,1.20217e-06,4
748, 1, 3,1.20218e-06,4
748, 1, 2,1.20219e-06,4
748, 1, 1,1.20219e-06,4
748, 1, 10,1.22447e-06,4
748, 1, 9,1.22451e-06,4
748, 1, 9,1.22451e-06,4
748, 1, 8,1.22455e-06,4
748, 1, 7,1.22459e-06,4
748, 1, 7,1.22459e-06,4
748, 1, 6,1.22462e-06,4
748, 1, 5,1.22464e-06,4
748, 1, 4,1.22466e-06,4
748, 1, 3,1.22467e-06,4
748, 1, 2,1.22468e-06,4
748, 1, 1,1.22469e-06,4
751, 1, 7,2.53077e-08,0
751, 1, 7,2.53108e-08,0
751, 1, 7,2.53237e-08,0
751, 1, 6,2.56937e-08,0
751, 1, 6,2.5697e-08,0
751, 1, 5,2.59592e-08,0
751, 1, 5,2.59648e-08,0
751, 1, 3,2.61875e-08,0
751, 1, 2,2.62892e-08,0
751, 1, 1,2.63501e-08,0
751, 1, 10,4.64779e-08,0
751, 1, 10,4.64828e-08,0
751, 1, 9,4.70342e-08,0
751, 1, 9,4.70385e-08,0
751, 1, 8,4.74384e-08,0
751, 1, 8,4.74426e-08,0
751, 1, 7,4.78017e-08,0
751, 1, 7,4.78047e-08,0
751, 1, 7,4.78177e-08,0
751, 1, 6,4.81877e-08,0
751, 1, 6,4.8191e-08,0
751, 1, 5,4.84532e-08,0
751, 1, 5,4.84588e-08,0
751, 1, 3,4.86814e-08,0
751, 1, 2,4.87832e-08,0
751, 1, 1,4.88441e-08,0
754, 1, 1,1.01746e-07,3
754, 1, 2,1.01771e-07,3
754, 1, 4,1.01831e-07,3
754, 1, 5,1.019e-07,3
754, 1, 6,1.01972e-07,3
754, 1, 6,1.01973e-07,3
754, 1, 7,1.02093e-07,3
754, 1, 7,1.02094e-07,3
754, 1, 8,1.02196e-07,3
754, 1, 8,1.02197e-07,3
754, 1, 9,1.02314e-07,3
754, 1, 10,1.02469e-07,3
754, 1, 10,1.0247e-07,3
754, 1, 1,1.2424e-07,3
754, 1, 2,1.24265e-07,3
754, 1, 4,1.24325e-07,3
754, 1, 5,1.24394e-07,3
754, 1, 6,1.24466e-07,3
754, 1, 6,1.24467e-07,3
754, 1, 7,1.24587e-07,3
754, 1, 7,1.24588e-07,3
754, 1, 8,1.2469e-07,3
754, 1, 8,1.24691e-07,3
754, 1, 9,1.24808e-07,3
754, 1, 10,1.24963e-07,3
754, 1, 10,1.24964e-07,3
760, 1, 1,2.61845e-07,3
760, 1, 2,2.61867e-07,3
760, 1, 3,2.61894e-07,3
760, 1, 4,2.61923e-07,3
760, 1, 5,2.6199e-07,3
760, 1, 5,2.61992e-07,3
760, 1, 6,2.62066e-07,3
760, 1, 6,2.62068e-07,3
760, 1, 6,2.62082e-07,3
760, 1, 6,2.62085e-07,3
760, 1, 6,2.62086e-07,3
760, 1, 7,2.62172e-07,3
760, 1, 7,2.62173e-07,3
760, 1, 7,2.62189e-07,3
760, 1, 7,2.6219e-07,3
760, 1, 8,2.62311e-07,3
760, 1, 8,2.62312e-07,3
760, 1, 9,2.62433e-07,3
760, 1, 10,2.62567e-07,3
760, 1, 10,2.62569e-07,3
760, 1, 10,2.62589e-07,3
760, 1, 10,2.62591e-07,3
765, 1, 10,3.83995e-07,2
765, 1, 10,3.83996e-07,2
765, 1, 9,3.84148e-07,2
765, 1, 9,3.84149e-07,2
765, 1, 8,3.84243e-07,2
765, 1, 8,3.84244e-07,2
765, 1, 7,3.84362e-07,2
765, 1, 7,3.84363e-07,2
765, 1, 6,3.84481e-07,2
765, 1, 5,3.84555e-07,2
765, 1, 5,3.84556e-07,2
765, 1, 4,3.84618e-07,2
765, 1, 4,3.84622e-07,2
765, 1, 3,3.84651e-07,2
765, 1, 2,3.84675e-07,2
765, 1, 1,3.84699e-07,2
766, 1, 10,4.02978e-07,0
766, 1, 9,4.03473e-07,0
766, 1, 9,4.03478e-07,0
766, 1, 8,4.03887e-07,0
766, 1, 8,4.03892e-07,0
766, 1, 7,4.04284e-07,0
766, 1, 7,4.04297e-07,0
766, 1, 7,4.043e-07,0
766, 1, 6,4.04601e-07,0
766, 1, 6,4.04605e-07,0
766, 1, 5,4.04859e-07,0
766, 1, 5,4.04864e-07,0
766, 1, 5,4.04901e-07,0
766, 1, 5,4.04907e-07,0
766, 1, 4,4.05071e-07,0
766, 1, 3,4.05153e-07,0
766, 1, 1,4.05294e-07,0
770, 1, 10,5.10576e-07,4
770, 1, 10,5.10576e-07,4
770, 1, 9,5.10621e-07,4
770, 1, 9,5.10621e-07,4
770, 1, 8,5.10657e-07,4
770, 1, 8,5.10657e-07,4
770, 1, 7,5.10687e-07,4
770, 1, 7,5.10687e-07,4
770, 1, 7,5.10689e-07,4
770, 1, 7,5.10689e-07,4
770, 1, 6,5.10723e-07,4
770, 1, 6,5.10723e-07,4
770, 1, 5,5.10752e-07,4
770, 1, 5,5.10752e-07,4
770, 1, 4,5.10765e-07,4
770, 1, 3,5.10774e-07,4
770, 1, 2,5.10786e-07,4
770, 1, 1,5.1079e-07,4
773, 1, 1,5.8525e-07,5
773, 1, 2,5.85257e-07,5
773, 1, 4,5.85275e-07,5
773, 1, 5,5.8529e-07,5
773, 1, 6,5.85323e-07,5
773, 1, 6,5.85323e-07,5
773, 1, 7,5.85353e-07,5
773, 1, 7,5.85353e-07,5
773, 1, 8,5.8539e-07,5
773, 1, 8,5.8539e-07,5
773, 1, 9,5.85419e-07,5
773, 1, 9,5.8542e-07,5
773, 1, 10,5.85472e-07,5
773, 1, 10,5.85472e-07,5
775, 1, 10,6.45784e-07,2
775, 1, 10,6.45785e-07,2
775, 1, 9,6.45935e-07,2
775, 1, 9,6.45936e-07,2
775, 1, 8,6.46056e-07,2
775, 1, 7,6.46175e-07,2
775, 1, 7,6.46176e-07,2
775, 1, 6,6.46274e-07,2
775, 1, 6,6.46275e-07,2
775, 1, 5,6.46349e-07,2
775, 1, 5,6.46351e-07,2
775, 1, 5,6.46364e-07,2
775, 1, 5,6.46366e-07,2
775, 1, 3,6.46442e-07,2
775, 1, 2,6.46471e-07,2
775, 1, 2,6.46476e-07,2
775, 1, 1,6.46495e-07,2
779, 1, 10,7.44014e-07,4
779, 1, 9,7.44052e-07,4
779, 1, 9,7.44052e-07,4
779, 1, 9,7.44053e-07,4
779, 1, 8,7.44094e-07,4
779, 1, 8,7.44094e-07,4
779, 1, 7,7.44126e-07,4
779, 1, 6,7.4416e-07,4
779, 1, 6,7.44161e-07,4
779, 1, 5,7.44183e-07,4
779, 1, 5,7.44184e-07,4
779, 1, 4,7.44202e-07,4
779, 1, 3,7.44211e-07,4
779, 1, 2,7.44219e-07,4
779, 1, 1,7.44228e-07,4
780, 1, 1,7.68118e-07,3
780, 1, 2,7.68137e-07,3
780, 1, 3,7.68167e-07,3
780, 1, 4,7.68196e-07,3
780, 1, 5,7.68249e-07,3
780, 1, 5,7.68251e-07,3
780, 1, 6,7.68351e-07,3
780, 1, 6,7.68352e-07,3
780, 1, 7,7.68445e-07,3
780, 1, 7,7.68446e-07,3
780, 1, 8,7.68581e-07,3
780, 1, 8,7.68582e-07,3
780, 1, 9,7.68682e-07,3
780, 1, 9,7.68683e-07,3
780, 1, 10,7.68838e-07,3
780, 1, 10,7.6884e-07,3
783, 1, 10,8.37111e-07,0
783, 1, 10,8.37116e-07,0
783, 1, 9,8.37748e-07,0
783, 1, 9,8.37752e-07,0
783, 1, 8,8.38079e-07,0
783, 1, 8,8.38082e-07,0
783, 1, 8,8.38083e-07,0
783, 1, 7,8.38518e-07,0
783, 1, 7,8.38522e-07,0
783, 1, 6,8.38805e-07,0
783, 1, 6,8.38809e-07,0
783, 1, 6,8.38856e-07,0
783, 1, 6,8.38859e-07,0
783, 1, 5,8.39076e-07,0
783, 1, 5,8.39081e-07,0
783, 1, 4,8.39269e-07,0
783, 1, 3,8.39366e-07,0
783, 1, 2,8.3945e-07,0
783, 1, 1,8.395e-07,0
785, 1, 1,8.90495e-07,3
785, 1, 2,8.90517e-07,3
785, 1, 3,8.90545e-07,3
785, 1, 5,8.90622e-07,3
785, 1, 5,8.90624e-07,3
785, 1, 6,8.90708e-07,3
785, 1, 6,8.90709e-07,3
785, 1, 8,8.90952e-07,3
785, 1, 8,8.90953e-07,3
785, 1, 9,8.91068e-07,3
785, 1, 9,8.91069e-07,3
785, 1, 10,8.91223e-07,3
785, 1, 10,8.91224e-07,3
786, 1, 1,9.00233e-07,3
786, 1, 2,9.00256e-07,3
786, 1, 3,9.00282e-07,3
786, 1, 4,9.0031e-07,3
786, 1, 5,9.0036e-07,3
786, 1, 5,9.00361e-07,3
786, 1, 6,9.00451e-07,3
786, 1, 7,9.00573e-07,3
786, 1, 7,9.00574e-07,3
786, 1, 8,9.00674e-07,3
786, 1, 8,9.00675e-07,3
786, 1, 9,9.00793e-07,3
786, 1, 10,9.00969e-07,3
786, 1, 10,9.0097e-07,3
786, 1, 1,9.22727e-07,3
786, 1, 2,9.2275e-07,3
786, 1, 3,9.22776e-07,3
786, 1, 4,9.22804e-07,3
786, 1, 5,9.22854e-07,3
786, 1, 5,9.22855e-07,3
786, 1, 6,9.22945e-07,3
786, 1, 7,9.23067e-07,3
786, 1, 7,9.23068e-07,3
786, 1, 8,9.23168e-07,3
786, 1, 8,9.23169e-07,3
786, 1, 9,9.23287e-07,3
786, 1, 10,9.23463e-07,3
786, 1, 10,9.23464e-07,3
790, 1, 1,1.00476e-06,5
790, 1, 2,1.00477e-06,5
790, 1, 3,1.00478e-06,5
790, 1, 4,1.00479e-06,5
790, 1, 5,1.00481e-06,5
790, 1, 6,1.00484e-06,5
790, 1, 6,1.00484e-06,5
790, 1, 7,1.00486e-06,5
790, 1, 7,1.00486e-06,5
790, 1, 8,1.0049e-06,5
790, 1, 8,1.0049e-06,5
790, 1, 9,1.00494e-06,5
790, 1, 9,1.00494e-06,5
790, 1, 10,1.00499e-06,5
790, 1, 10,1.00499e-06,5
